"","id_debate","ncat_eleccion","cat_pais","t_fecha","ncat_ronda","str_organizador","n_strorganizador","nombres_organizadores","ncat_subtipov2","cat_tipoorgv2","ncat_tipoorg_ambito","ncat_tipoorg_visibilidad","cat_areaorg"
"1",1,1989,"Brasil","32706","1","Rede Bandeirantes",1,"Rede Bandeirantes","tv_abierta_privada","mmc",2,3,"tv"
"2",2,1989,"Brasil","32824","1","SBT",1,"SBT","tv_abierta_privada","mmc",2,3,"tv"
"3",3,1989,"Brasil","32817","1","Rede Bandeirantes",1,"Rede Bandeirantes","tv_abierta_privada","mmc",2,3,"tv"
"4",4,1989,"Brasil","32734","1","Rede Bandeirantes",1,"Rede Bandeirantes","tv_abierta_privada","mmc",2,3,"tv"
"5",5,1989,"Brasil","32797","1","Rede Bandeirantes",1,"Rede Bandeirantes","tv_abierta_privada","mmc",2,3,"tv"
"6",6,1989,"Brasil","32709","1","Rede Manchete;Conselho Nacional de Defesa dos Direitos da Mulher",2,"Rede Manchete","tv_abierta_privada","mmc",2,3,"tv"
"7",6,1989,"Brasil","32709","1","Rede Manchete;Conselho Nacional de Defesa dos Direitos da Mulher",2,"Conselho Nacional de Defesa dos Direitos da Mulher","estado_autonomo","estado",5,1,"estado"
"8",7,1989,"Brasil","32845","2","Rede Globo;SBT;Rede Manchete;Rede Bandeirantes",4,"Rede Globo","tv_abierta_privada","mmc",2,3,"tv"
"9",7,1989,"Brasil","32845","2","Rede Globo;SBT;Rede Manchete;Rede Bandeirantes",4,"SBT","tv_abierta_privada","mmc",2,3,"tv"
"10",7,1989,"Brasil","32845","2","Rede Globo;SBT;Rede Manchete;Rede Bandeirantes",4,"Rede Manchete","tv_abierta_privada","mmc",2,3,"tv"
"11",7,1989,"Brasil","32845","2","Rede Globo;SBT;Rede Manchete;Rede Bandeirantes",4,"Rede Bandeirantes","tv_abierta_privada","mmc",2,3,"tv"
"12",8,1989,"Brasil","32856","2","Rede Globo;SBT;Rede Manchete;Rede Bandeirantes",4,"Rede Globo","tv_abierta_privada","mmc",2,3,"tv"
"13",8,1989,"Brasil","32856","2","Rede Globo;SBT;Rede Manchete;Rede Bandeirantes",4,"SBT","tv_abierta_privada","mmc",2,3,"tv"
"14",8,1989,"Brasil","32856","2","Rede Globo;SBT;Rede Manchete;Rede Bandeirantes",4,"Rede Manchete","tv_abierta_privada","mmc",2,3,"tv"
"15",8,1989,"Brasil","32856","2","Rede Globo;SBT;Rede Manchete;Rede Bandeirantes",4,"Rede Bandeirantes","tv_abierta_privada","mmc",2,3,"tv"
"16",9,1994,"Brasil","34540","1","Associação Comercial do Rio de Janeiro",1,"Associação Comercial do Rio de Janeiro","asoc_empresaria","osc",1,1,"empresa"
"17",10,1994,"Brasil","34570","1","Associação Brasileira de Imprensa",1,"Associação Brasileira de Imprensa","asoc_prensa","mmc",3,2,"asociaciones_medios"
"18",11,1994,"Brasil","34563","1","Rede Bandeirantes",1,"Rede Bandeirantes","tv_abierta_privada","mmc",2,3,"tv"
"19",12,2002,"Brasil","37472","1","Rede Bandeirantes",1,"Rede Bandeirantes","tv_abierta_privada","mmc",2,3,"tv"
"20",13,2002,"Brasil","37501","1","Rede Record",1,"Rede Record","tv_abierta_privada","mmc",2,3,"tv"
"21",14,2002,"Brasil","37532","1","Rede Globo",1,"Rede Globo","tv_abierta_privada","mmc",2,3,"tv"
"22",15,2002,"Brasil","37554","2","Rede Globo",1,"Rede Globo","tv_abierta_privada","mmc",2,3,"tv"
"23",16,2006,"Brasil","38943","1","Rede Bandeirantes",1,"Rede Bandeirantes","tv_abierta_privada","mmc",2,3,"tv"
"24",17,2006,"Brasil","38974","1","TV Gazeta",1,"TV Gazeta","tv_abierta_privada","mmc",2,3,"tv"
"25",18,2006,"Brasil","38988","1","Rede Globo",1,"Rede Globo","tv_abierta_privada","mmc",2,3,"tv"
"26",19,2006,"Brasil","38998","2","Rede Bandeirantes",1,"Rede Bandeirantes","tv_abierta_privada","mmc",2,3,"tv"
"27",20,2006,"Brasil","39009","2","SBT",1,"SBT","tv_abierta_privada","mmc",2,3,"tv"
"28",21,2006,"Brasil","39013","2","Rede Record",1,"Rede Record","tv_abierta_privada","mmc",2,3,"tv"
"29",22,2006,"Brasil","39017","2","Rede Globo",1,"Rede Globo","tv_abierta_privada","mmc",2,3,"tv"
"30",23,2010,"Brasil","40395","1","Rede Bandeirantes",1,"Rede Bandeirantes","tv_abierta_privada","mmc",2,3,"tv"
"31",24,2010,"Brasil","40408","1","FSP;UOL",2,"FSP","grafico_privado","mmc",2,3,"grafico"
"32",24,2010,"Brasil","40408","1","FSP;UOL",2,"UOL","telecomu_privado","mmc",2,3,"otros_medios"
"33",25,2010,"Brasil","40413","1","TV Canção Nova;Rede Aparecida",2,"TV Canção Nova","tv_iglesia_abierta","mmc",2,3,"iglesia"
"34",25,2010,"Brasil","40413","1","TV Canção Nova;Rede Aparecida",2,"Rede Aparecida","tv_iglesia_abierta","mmc",2,3,"iglesia"
"35",26,2010,"Brasil","40429","1","TV Gazeta;O Estado de São Paulo",2,"TV Gazeta","tv_abierta_privada","mmc",2,3,"tv"
"36",26,2010,"Brasil","40429","1","TV Gazeta;O Estado de São Paulo",2,"O Estado de São Paulo","estado_subnacional","estado",5,1,"estado"
"37",27,2010,"Brasil","40433","1","RedeTV!;FSP",2,"RedeTV!","tv_abierta_privada","mmc",2,3,"tv"
"38",27,2010,"Brasil","40433","1","RedeTV!;FSP",2,"FSP","grafico_privado","mmc",2,3,"grafico"
"39",28,2010,"Brasil","40441","1","SBT",1,"SBT","tv_abierta_privada","mmc",2,3,"tv"
"40",29,2010,"Brasil","40444","1","Universidade Católica de Brasília;TV Senado;Associação Brasileira das Universidades Comunitárias ABRUC;Comissão Brasileira de Justiça e Paz CBJP;Associação Nacional de Educação Católica ANEC",5,"Universidade Católica de Brasília","educ_iglesia","educ",2,1,"iglesia"
"41",29,2010,"Brasil","40444","1","Universidade Católica de Brasília;TV Senado;Associação Brasileira das Universidades Comunitárias ABRUC;Comissão Brasileira de Justiça e Paz CBJP;Associação Nacional de Educação Católica ANEC",5,"TV Senado","tv_publica_abierta","mmp",5,3,"medios_publicos"
"42",29,2010,"Brasil","40444","1","Universidade Católica de Brasília;TV Senado;Associação Brasileira das Universidades Comunitárias ABRUC;Comissão Brasileira de Justiça e Paz CBJP;Associação Nacional de Educação Católica ANEC",5,"Associação Brasileira das Universidades Comunitárias ABRUC","educ_asoc_privadas","educ",2,1,"educacion"
"43",29,2010,"Brasil","40444","1","Universidade Católica de Brasília;TV Senado;Associação Brasileira das Universidades Comunitárias ABRUC;Comissão Brasileira de Justiça e Paz CBJP;Associação Nacional de Educação Católica ANEC",5,"Comissão Brasileira de Justiça e Paz CBJP","asoc_iglesia","osc",2,1,"iglesia"
"44",29,2010,"Brasil","40444","1","Universidade Católica de Brasília;TV Senado;Associação Brasileira das Universidades Comunitárias ABRUC;Comissão Brasileira de Justiça e Paz CBJP;Associação Nacional de Educação Católica ANEC",5,"Associação Nacional de Educação Católica ANEC","educ_asoc_iglesia","educ",2,1,"iglesia"
"45",30,2010,"Brasil","40447","1","Rede Record",1,"Rede Record","tv_abierta_privada","mmc",2,3,"tv"
"46",31,2010,"Brasil","40451","1","Rede Globo",1,"Rede Globo","tv_abierta_privada","mmc",2,3,"tv"
"47",32,2010,"Brasil","40461","2","Rede Bandeirantes",1,"Rede Bandeirantes","tv_abierta_privada","mmc",2,3,"tv"
"48",33,2010,"Brasil","40468","2","RedeTV!;FSP",2,"RedeTV!","tv_abierta_privada","mmc",2,3,"tv"
"49",33,2010,"Brasil","40468","2","RedeTV!;FSP",2,"FSP","grafico_privado","mmc",2,3,"grafico"
"50",34,2010,"Brasil","40476","2","Rede Record",1,"Rede Record","tv_abierta_privada","mmc",2,3,"tv"
"51",35,2010,"Brasil","40480","2","Rede Globo",1,"Rede Globo","tv_abierta_privada","mmc",2,3,"tv"
"52",36,2014,"Brasil","41877","1","Rede Bandeirantes",1,"Rede Bandeirantes","tv_abierta_privada","mmc",2,3,"tv"
"53",37,2014,"Brasil","41883","1","SBT;FSP;UOL;Jovem Pan",4,"SBT","tv_abierta_privada","mmc",2,3,"tv"
"54",37,2014,"Brasil","41883","1","SBT;FSP;UOL;Jovem Pan",4,"FSP","grafico_privado","mmc",2,3,"grafico"
"55",37,2014,"Brasil","41883","1","SBT;FSP;UOL;Jovem Pan",4,"UOL","telecomu_privado","mmc",2,3,"otros_medios"
"56",37,2014,"Brasil","41883","1","SBT;FSP;UOL;Jovem Pan",4,"Jovem Pan","radio_privada","mmc",2,3,"radios"
"57",38,2014,"Brasil","41898","1","Rede Aparecida;CNBB Conferência Nacional dos Bispos do Brasil",2,"Rede Aparecida","tv_iglesia_abierta","mmc",2,3,"iglesia"
"58",38,2014,"Brasil","41898","1","Rede Aparecida;CNBB Conferência Nacional dos Bispos do Brasil",2,"CNBB Conferência Nacional dos Bispos do Brasil","asoc_iglesia","osc",2,1,"iglesia"
"59",39,2014,"Brasil","41910","1","Rede Record",1,"Rede Record","tv_abierta_privada","mmc",2,3,"tv"
"60",40,2014,"Brasil","41914","1","Rede Globo",1,"Rede Globo","tv_abierta_privada","mmc",2,3,"tv"
"61",41,2014,"Brasil","41926","2","Rede Bandeirantes",1,"Rede Bandeirantes","tv_abierta_privada","mmc",2,3,"tv"
"62",42,2014,"Brasil","41928","2","SBT;FSP;UOL;Jovem Pan",4,"SBT","tv_abierta_privada","mmc",2,3,"tv"
"63",42,2014,"Brasil","41928","2","SBT;FSP;UOL;Jovem Pan",4,"FSP","grafico_privado","mmc",2,3,"grafico"
"64",42,2014,"Brasil","41928","2","SBT;FSP;UOL;Jovem Pan",4,"UOL","telecomu_privado","mmc",2,3,"otros_medios"
"65",42,2014,"Brasil","41928","2","SBT;FSP;UOL;Jovem Pan",4,"Jovem Pan","radio_privada","mmc",2,3,"radios"
"66",43,2014,"Brasil","41931","2","Rede Record",1,"Rede Record","tv_abierta_privada","mmc",2,3,"tv"
"67",44,2014,"Brasil","41936","2","Rede Globo",1,"Rede Globo","tv_abierta_privada","mmc",2,3,"tv"
"68",45,2018,"Brasil","43321","1","Rede Bandeirantes",1,"Rede Bandeirantes","tv_abierta_privada","mmc",2,3,"tv"
"69",46,2018,"Brasil","43329","1","RedeTV!;Istoé",2,"RedeTV!","tv_abierta_privada","mmc",2,3,"tv"
"70",46,2018,"Brasil","43329","1","RedeTV!;Istoé",2,"Istoé","grafico_privado","mmc",2,3,"grafico"
"71",47,2018,"Brasil","43352","1","TV Gazeta;O Estado de S.Paulo;UOL;Jovem Pan",4,"TV Gazeta","tv_abierta_privada","mmc",2,3,"tv"
"72",47,2018,"Brasil","43352","1","TV Gazeta;O Estado de S.Paulo;UOL;Jovem Pan",4,"O Estado de S.Paulo","estado_subnacional","estado",5,1,"estado"
"73",47,2018,"Brasil","43352","1","TV Gazeta;O Estado de S.Paulo;UOL;Jovem Pan",4,"UOL","telecomu_privado","mmc",2,3,"otros_medios"
"74",47,2018,"Brasil","43352","1","TV Gazeta;O Estado de S.Paulo;UOL;Jovem Pan",4,"Jovem Pan","radio_privada","mmc",2,3,"radios"
"75",48,2018,"Brasil","43363","1","Rede Aparecida;CNBB Conferência Nacional dos Bispos do Brasil",2,"Rede Aparecida","tv_iglesia_abierta","mmc",2,3,"iglesia"
"76",48,2018,"Brasil","43363","1","Rede Aparecida;CNBB Conferência Nacional dos Bispos do Brasil",2,"CNBB Conferência Nacional dos Bispos do Brasil","asoc_iglesia","osc",2,1,"iglesia"
"77",49,2018,"Brasil","43369","1","SBT;FSP;UOL",3,"SBT","tv_abierta_privada","mmc",2,3,"tv"
"78",49,2018,"Brasil","43369","1","SBT;FSP;UOL",3,"FSP","grafico_privado","mmc",2,3,"grafico"
"79",49,2018,"Brasil","43369","1","SBT;FSP;UOL",3,"UOL","telecomu_privado","mmc",2,3,"otros_medios"
"80",50,2018,"Brasil","43373","1","Rede Record",1,"Rede Record","tv_abierta_privada","mmc",2,3,"tv"
"81",51,2018,"Brasil","43375","1","Rede Globo",1,"Rede Globo","tv_abierta_privada","mmc",2,3,"tv"
"82",52,1989,"Chile","32790","1","Canal 13 Pontificia Universidad Católica de Chile",1,"Canal 13 Pontificia Universidad Católica de Chile","tv_abierta_privada","mmc",2,3,"tv"
"83",53,1993,"Chile","34275","1","ANATEL",1,"ANATEL","asoc_medios","mmc",3,2,"asociaciones_medios"
"84",54,2000,"Chile","36466","1","ANATEL",1,"ANATEL","asoc_medios","mmc",3,2,"asociaciones_medios"
"85",55,2006,"Chile","38621","1","Universidad de Chile",1,"Universidad de Chile","educ_publica","educ",4,1,"educacion"
"86",56,2006,"Chile","38644","1","Canal 13 Pontificia Universidad Católica de Chile;CNN en Español",2,"Canal 13 Pontificia Universidad Católica de Chile","tv_abierta_privada","mmc",2,3,"tv"
"87",56,2006,"Chile","38644","1","Canal 13 Pontificia Universidad Católica de Chile;CNN en Español",2,"CNN en Español","tv_internacional","mmc",2,3,"internacional"
"88",57,2006,"Chile","38672","1","ANATEL",1,"ANATEL","asoc_medios","mmc",3,2,"asociaciones_medios"
"89",58,2006,"Chile","38721","2","ANATEL",1,"ANATEL","asoc_medios","mmc",3,2,"asociaciones_medios"
"90",59,2006,"Chile","38685","1","ENADE / ICARE",1,"ENADE / ICARE","asoc_empresaria","osc",1,1,"empresa"
"91",60,2006,"Chile","38650","1","ComunidadMujer",1,"ComunidadMujer","ong_genero","osc",3,1,"osc_ddh"
"92",61,2010,"Chile","40081","1","ComunidadMujer",1,"ComunidadMujer","ong_genero","osc",3,1,"osc_ddh"
"93",62,2010,"Chile","40079","1","TVN",1,"TVN","tv_publica_abierta","mmp",5,3,"medios_publicos"
"94",63,2010,"Chile","40095","1","ARCHI;Universidad Mayor",2,"ARCHI","asoc_medios","mmc",3,2,"asociaciones_medios"
"95",63,2010,"Chile","40095","1","ARCHI;Universidad Mayor",2,"Universidad Mayor","educ_privada","educ",2,1,"educacion"
"96",64,2010,"Chile","40123","1","ANP Asociación Nacional de la Prensa",1,"ANP Asociación Nacional de la Prensa","asoc_medios","mmc",3,2,"asociaciones_medios"
"97",65,2010,"Chile","40126","1","Canal 13 Pontificia Universidad Católica de Chile",1,"Canal 13 Pontificia Universidad Católica de Chile","tv_abierta_privada","mmc",2,3,"tv"
"98",66,2010,"Chile","40133","1","ANATEL",1,"ANATEL","asoc_medios","mmc",3,2,"asociaciones_medios"
"99",67,2010,"Chile","40134","1","ENADE / ICARE",1,"ENADE / ICARE","asoc_empresaria","osc",1,1,"empresa"
"100",68,2010,"Chile","40189","2","ANATEL",1,"ANATEL","asoc_medios","mmc",3,2,"asociaciones_medios"
"101",69,2013,"Chile","41556","1","ANP Asociación Nacional de la Prensa;CNN Chile",2,"ANP Asociación Nacional de la Prensa","asoc_medios","mmc",3,2,"asociaciones_medios"
"102",69,2013,"Chile","41556","1","ANP Asociación Nacional de la Prensa;CNN Chile",2,"CNN Chile","tv_pago_privada","mmc",2,3,"tv"
"103",70,2013,"Chile","41572","1","ARCHI",1,"ARCHI","asoc_medios","mmc",3,2,"asociaciones_medios"
"104",71,2013,"Chile","41576","1","ANATEL",1,"ANATEL","asoc_medios","mmc",3,2,"asociaciones_medios"
"105",72,2013,"Chile","41614","2","ARCHI",1,"ARCHI","asoc_medios","mmc",3,2,"asociaciones_medios"
"106",73,2013,"Chile","41618","2","ANATEL",1,"ANATEL","asoc_medios","mmc",3,2,"asociaciones_medios"
"107",74,2017,"Chile","43011","1","Universidad de Chile;Radio Cooperativa",2,"Universidad de Chile","educ_publica","educ",4,1,"educacion"
"108",74,2017,"Chile","43011","1","Universidad de Chile;Radio Cooperativa",2,"Radio Cooperativa","radio_privada","mmc",2,3,"radios"
"109",75,2017,"Chile","43032","1","Agrupación Lésbica Rompiendo El Silencio;Aprofa Chile;Coordinadora Autónoma contra la Violencia;Corporación Humanas;Mujeres Lideres Para Chile;Fondo Alquimia;Fundación Margen;Instituto de la Mujer;Mesa Acción por el Aborto en Chile;Movimiento Pro-Emancipación de las Mujeres de Chile;Observatorio Contra el Acoso Callejero Chile;Observatorio de Género y Equidad;Red Chilena Contra la Violencia Hacia las Mujeres;El Desconcierto.",14,"Agrupación Lésbica Rompiendo El Silencio","ong_genero","osc",3,1,"osc_ddh"
"110",75,2017,"Chile","43032","1","Agrupación Lésbica Rompiendo El Silencio;Aprofa Chile;Coordinadora Autónoma contra la Violencia;Corporación Humanas;Mujeres Lideres Para Chile;Fondo Alquimia;Fundación Margen;Instituto de la Mujer;Mesa Acción por el Aborto en Chile;Movimiento Pro-Emancipación de las Mujeres de Chile;Observatorio Contra el Acoso Callejero Chile;Observatorio de Género y Equidad;Red Chilena Contra la Violencia Hacia las Mujeres;El Desconcierto.",14,"Aprofa Chile","ong_genero","osc",3,1,"osc_ddh"
"111",75,2017,"Chile","43032","1","Agrupación Lésbica Rompiendo El Silencio;Aprofa Chile;Coordinadora Autónoma contra la Violencia;Corporación Humanas;Mujeres Lideres Para Chile;Fondo Alquimia;Fundación Margen;Instituto de la Mujer;Mesa Acción por el Aborto en Chile;Movimiento Pro-Emancipación de las Mujeres de Chile;Observatorio Contra el Acoso Callejero Chile;Observatorio de Género y Equidad;Red Chilena Contra la Violencia Hacia las Mujeres;El Desconcierto.",14,"Coordinadora Autónoma contra la Violencia","coordinadora","osc",3,1,"otros_osc"
"112",75,2017,"Chile","43032","1","Agrupación Lésbica Rompiendo El Silencio;Aprofa Chile;Coordinadora Autónoma contra la Violencia;Corporación Humanas;Mujeres Lideres Para Chile;Fondo Alquimia;Fundación Margen;Instituto de la Mujer;Mesa Acción por el Aborto en Chile;Movimiento Pro-Emancipación de las Mujeres de Chile;Observatorio Contra el Acoso Callejero Chile;Observatorio de Género y Equidad;Red Chilena Contra la Violencia Hacia las Mujeres;El Desconcierto.",14,"Corporación Humanas","ong_genero","osc",3,1,"osc_ddh"
"113",75,2017,"Chile","43032","1","Agrupación Lésbica Rompiendo El Silencio;Aprofa Chile;Coordinadora Autónoma contra la Violencia;Corporación Humanas;Mujeres Lideres Para Chile;Fondo Alquimia;Fundación Margen;Instituto de la Mujer;Mesa Acción por el Aborto en Chile;Movimiento Pro-Emancipación de las Mujeres de Chile;Observatorio Contra el Acoso Callejero Chile;Observatorio de Género y Equidad;Red Chilena Contra la Violencia Hacia las Mujeres;El Desconcierto.",14,"Mujeres Lideres Para Chile","ong_genero","osc",3,1,"osc_ddh"
"114",75,2017,"Chile","43032","1","Agrupación Lésbica Rompiendo El Silencio;Aprofa Chile;Coordinadora Autónoma contra la Violencia;Corporación Humanas;Mujeres Lideres Para Chile;Fondo Alquimia;Fundación Margen;Instituto de la Mujer;Mesa Acción por el Aborto en Chile;Movimiento Pro-Emancipación de las Mujeres de Chile;Observatorio Contra el Acoso Callejero Chile;Observatorio de Género y Equidad;Red Chilena Contra la Violencia Hacia las Mujeres;El Desconcierto.",14,"Fondo Alquimia","ong_genero","osc",3,1,"osc_ddh"
"115",75,2017,"Chile","43032","1","Agrupación Lésbica Rompiendo El Silencio;Aprofa Chile;Coordinadora Autónoma contra la Violencia;Corporación Humanas;Mujeres Lideres Para Chile;Fondo Alquimia;Fundación Margen;Instituto de la Mujer;Mesa Acción por el Aborto en Chile;Movimiento Pro-Emancipación de las Mujeres de Chile;Observatorio Contra el Acoso Callejero Chile;Observatorio de Género y Equidad;Red Chilena Contra la Violencia Hacia las Mujeres;El Desconcierto.",14,"Fundación Margen","ong_genero","osc",3,1,"osc_ddh"
"116",75,2017,"Chile","43032","1","Agrupación Lésbica Rompiendo El Silencio;Aprofa Chile;Coordinadora Autónoma contra la Violencia;Corporación Humanas;Mujeres Lideres Para Chile;Fondo Alquimia;Fundación Margen;Instituto de la Mujer;Mesa Acción por el Aborto en Chile;Movimiento Pro-Emancipación de las Mujeres de Chile;Observatorio Contra el Acoso Callejero Chile;Observatorio de Género y Equidad;Red Chilena Contra la Violencia Hacia las Mujeres;El Desconcierto.",14,"Instituto de la Mujer","ong_genero","osc",3,1,"osc_ddh"
"117",75,2017,"Chile","43032","1","Agrupación Lésbica Rompiendo El Silencio;Aprofa Chile;Coordinadora Autónoma contra la Violencia;Corporación Humanas;Mujeres Lideres Para Chile;Fondo Alquimia;Fundación Margen;Instituto de la Mujer;Mesa Acción por el Aborto en Chile;Movimiento Pro-Emancipación de las Mujeres de Chile;Observatorio Contra el Acoso Callejero Chile;Observatorio de Género y Equidad;Red Chilena Contra la Violencia Hacia las Mujeres;El Desconcierto.",14,"Mesa Acción por el Aborto en Chile","coordinadora","osc",3,1,"otros_osc"
"118",75,2017,"Chile","43032","1","Agrupación Lésbica Rompiendo El Silencio;Aprofa Chile;Coordinadora Autónoma contra la Violencia;Corporación Humanas;Mujeres Lideres Para Chile;Fondo Alquimia;Fundación Margen;Instituto de la Mujer;Mesa Acción por el Aborto en Chile;Movimiento Pro-Emancipación de las Mujeres de Chile;Observatorio Contra el Acoso Callejero Chile;Observatorio de Género y Equidad;Red Chilena Contra la Violencia Hacia las Mujeres;El Desconcierto.",14,"Movimiento Pro-Emancipación de las Mujeres de Chile","ong_genero","osc",3,1,"osc_ddh"
"119",75,2017,"Chile","43032","1","Agrupación Lésbica Rompiendo El Silencio;Aprofa Chile;Coordinadora Autónoma contra la Violencia;Corporación Humanas;Mujeres Lideres Para Chile;Fondo Alquimia;Fundación Margen;Instituto de la Mujer;Mesa Acción por el Aborto en Chile;Movimiento Pro-Emancipación de las Mujeres de Chile;Observatorio Contra el Acoso Callejero Chile;Observatorio de Género y Equidad;Red Chilena Contra la Violencia Hacia las Mujeres;El Desconcierto.",14,"Observatorio Contra el Acoso Callejero Chile","ong_genero","osc",3,1,"osc_ddh"
"120",75,2017,"Chile","43032","1","Agrupación Lésbica Rompiendo El Silencio;Aprofa Chile;Coordinadora Autónoma contra la Violencia;Corporación Humanas;Mujeres Lideres Para Chile;Fondo Alquimia;Fundación Margen;Instituto de la Mujer;Mesa Acción por el Aborto en Chile;Movimiento Pro-Emancipación de las Mujeres de Chile;Observatorio Contra el Acoso Callejero Chile;Observatorio de Género y Equidad;Red Chilena Contra la Violencia Hacia las Mujeres;El Desconcierto.",14,"Observatorio de Género y Equidad","ong_genero","osc",3,1,"osc_ddh"
"121",75,2017,"Chile","43032","1","Agrupación Lésbica Rompiendo El Silencio;Aprofa Chile;Coordinadora Autónoma contra la Violencia;Corporación Humanas;Mujeres Lideres Para Chile;Fondo Alquimia;Fundación Margen;Instituto de la Mujer;Mesa Acción por el Aborto en Chile;Movimiento Pro-Emancipación de las Mujeres de Chile;Observatorio Contra el Acoso Callejero Chile;Observatorio de Género y Equidad;Red Chilena Contra la Violencia Hacia las Mujeres;El Desconcierto.",14,"Red Chilena Contra la Violencia Hacia las Mujeres","coordinadora","osc",3,1,"otros_osc"
"122",75,2017,"Chile","43032","1","Agrupación Lésbica Rompiendo El Silencio;Aprofa Chile;Coordinadora Autónoma contra la Violencia;Corporación Humanas;Mujeres Lideres Para Chile;Fondo Alquimia;Fundación Margen;Instituto de la Mujer;Mesa Acción por el Aborto en Chile;Movimiento Pro-Emancipación de las Mujeres de Chile;Observatorio Contra el Acoso Callejero Chile;Observatorio de Género y Equidad;Red Chilena Contra la Violencia Hacia las Mujeres;El Desconcierto.",14,"El Desconcierto.","digital_privado","mmc",2,3,"grafico"
"123",76,2017,"Chile","43006","1","ANP Asociación Nacional de la Prensa",1,"ANP Asociación Nacional de la Prensa","asoc_medios","mmc",3,2,"asociaciones_medios"
"124",77,2017,"Chile","43028","1","ARCHI",1,"ARCHI","asoc_medios","mmc",3,2,"asociaciones_medios"
"125",78,2017,"Chile","43045","1","ANATEL",1,"ANATEL","asoc_medios","mmc",3,2,"asociaciones_medios"
"126",79,2017,"Chile","43076","2","ARCHI",1,"ARCHI","asoc_medios","mmc",3,2,"asociaciones_medios"
"127",80,2017,"Chile","43080","2","ANATEL",1,"ANATEL","asoc_medios","mmc",3,2,"asociaciones_medios"
"128",81,2015,"Argentina","42282","1","Argentina Debate",1,"Argentina Debate","ong_democracia","osc",3,1,"osc_desarrollo"
"129",82,2015,"Argentina","42292","2","Argentina Debate",1,"Argentina Debate","ong_democracia","osc",3,1,"osc_desarrollo"
"130",83,2019,"Argentina","43751","1","Cámara Nacional Electoral (Arg)",1,"Cámara Nacional Electoral (Arg)","estado_electoral","estado",5,1,"estado"
"131",84,2019,"Argentina","43758","1","Cámara Nacional Electoral (Arg)",1,"Cámara Nacional Electoral (Arg)","estado_electoral","estado",5,1,"estado"
"132",85,1990,"Peru","33027","2","Intercampus",1,"Intercampus","educ_asoc","educ",3,1,"educacion"
"133",86,2001,"Peru","37030","2","Asociación Civil Transparencia",1,"Asociación Civil Transparencia","ong_democracia","osc",3,1,"osc_desarrollo"
"134",87,2006,"Peru","38858","2","Universidad Mayor de San Marcos;Universidad Nacional de Ingeniería;Universidad Agraria de la Molina;Sociedad Nacional de Radio y Televisión;CIES;Colegio de Ingenieros del Perú",6,"Universidad Mayor de San Marcos","educ_publica","educ",4,1,"educacion"
"135",87,2006,"Peru","38858","2","Universidad Mayor de San Marcos;Universidad Nacional de Ingeniería;Universidad Agraria de la Molina;Sociedad Nacional de Radio y Televisión;CIES;Colegio de Ingenieros del Perú",6,"Universidad Nacional de Ingeniería","educ_publica","educ",4,1,"educacion"
"136",87,2006,"Peru","38858","2","Universidad Mayor de San Marcos;Universidad Nacional de Ingeniería;Universidad Agraria de la Molina;Sociedad Nacional de Radio y Televisión;CIES;Colegio de Ingenieros del Perú",6,"Universidad Agraria de la Molina","educ_publica","educ",4,1,"educacion"
"137",87,2006,"Peru","38858","2","Universidad Mayor de San Marcos;Universidad Nacional de Ingeniería;Universidad Agraria de la Molina;Sociedad Nacional de Radio y Televisión;CIES;Colegio de Ingenieros del Perú",6,"Sociedad Nacional de Radio y Televisión","asoc_medios","mmc",3,2,"asociaciones_medios"
"138",87,2006,"Peru","38858","2","Universidad Mayor de San Marcos;Universidad Nacional de Ingeniería;Universidad Agraria de la Molina;Sociedad Nacional de Radio y Televisión;CIES;Colegio de Ingenieros del Perú",6,"CIES","thinkthank","osc",3,1,"osc_desarrollo"
"139",87,2006,"Peru","38858","2","Universidad Mayor de San Marcos;Universidad Nacional de Ingeniería;Universidad Agraria de la Molina;Sociedad Nacional de Radio y Televisión;CIES;Colegio de Ingenieros del Perú",6,"Colegio de Ingenieros del Perú","asoc_prof","osc",1,1,"profesionales"
"140",88,2011,"Peru","40613","1","Jurado Nacional de Elecciones (Perú)",1,"Jurado Nacional de Elecciones (Perú)","estado_electoral","estado",5,1,"estado"
"141",89,2011,"Peru","40605","1","Grupo El Comercio (Perú)",1,"Grupo El Comercio (Perú)","grafico_privado","mmc",2,3,"grafico"
"142",90,2011,"Peru","40636","1","Asociación Civil Transparencia;Sociedad Nacional de Radio y Televisión",2,"Asociación Civil Transparencia","ong_democracia","osc",3,1,"osc_desarrollo"
"143",90,2011,"Peru","40636","1","Asociación Civil Transparencia;Sociedad Nacional de Radio y Televisión",2,"Sociedad Nacional de Radio y Televisión","asoc_medios","mmc",3,2,"asociaciones_medios"
"144",91,2011,"Peru","40692","2","Jurado Nacional de Elecciones (Perú)",1,"Jurado Nacional de Elecciones (Perú)","estado_electoral","estado",5,1,"estado"
"145",92,2016,"Peru","42411","1","Colegio de Periodistas del Perú;Colegio de Abogados de Lima",2,"Colegio de Periodistas del Perú","asoc_prensa","mmc",3,2,"asociaciones_medios"
"146",92,2016,"Peru","42411","1","Colegio de Periodistas del Perú;Colegio de Abogados de Lima",2,"Colegio de Abogados de Lima","asoc_prof","osc",1,1,"profesionales"
"147",93,2016,"Peru","42463","1","Jurado Nacional de Elecciones (Perú)",1,"Jurado Nacional de Elecciones (Perú)","estado_electoral","estado",5,1,"estado"
"148",94,2016,"Peru","42512","2","Jurado Nacional de Elecciones (Perú)",1,"Jurado Nacional de Elecciones (Perú)","estado_electoral","estado",5,1,"estado"
"149",95,2016,"Peru","42519","2","Jurado Nacional de Elecciones (Perú)",1,"Jurado Nacional de Elecciones (Perú)","estado_electoral","estado",5,1,"estado"
"150",96,2021,"Peru","44264","1","Grupo El Comercio (Perú)",1,"Grupo El Comercio (Perú)","grafico_privado","mmc",2,3,"grafico"
"151",97,2021,"Peru","44276","1","América Noticias;Canal N",2,"América Noticias","tv_abierta_privada","mmc",2,3,"tv"
"152",97,2021,"Peru","44276","1","América Noticias;Canal N",2,"Canal N","tv_pago_privada","mmc",2,3,"tv"
"153",98,2021,"Peru","44284","1","Jurado Nacional de Elecciones (Perú)",1,"Jurado Nacional de Elecciones (Perú)","estado_electoral","estado",5,1,"estado"
"154",99,2021,"Peru","44317","2","Municipalidad de Cajamarca",1,"Municipalidad de Cajamarca","estado_subnacional","estado",5,1,"estado"
"155",100,2021,"Peru","44346","2","Jurado Nacional de Elecciones (Perú)",1,"Jurado Nacional de Elecciones (Perú)","estado_electoral","estado",5,1,"estado"
"156",101,1993,"Paraguay","NA","1","NA",1,"NA","PENDIENTE",NA,NA,NA,NA
"157",102,1998,"Paraguay","35923","1","NA",1,"NA","PENDIENTE",NA,NA,NA,NA
"158",103,2003,"Paraguay","37677","1","Canal 13 (Paraguay)",1,"Canal 13 (Paraguay)","tv_abierta_privada","mmc",2,3,"tv"
"159",104,2008,"Paraguay","39555","1","Telefuturo",1,"Telefuturo","tv_abierta_privada","mmc",2,3,"tv"
"160",105,2008,"Paraguay","39541","1","CNN en Español;Canal 9 SNT (Paraguay)",2,"CNN en Español","tv_internacional","mmc",2,3,"internacional"
"161",105,2008,"Paraguay","39541","1","CNN en Español;Canal 9 SNT (Paraguay)",2,"Canal 9 SNT (Paraguay)","tv_abierta_privada","mmc",2,3,"tv"
"162",106,2013,"Paraguay","41330","1","Universidad San Carlos;Asociación Rural del Paraguay (ARP);Unión de Gremios de la Producción (UGP);Federación de Cooperativas de Producción (FECOPROD)",4,"Universidad San Carlos","educ_privada","educ",2,1,"educacion"
"163",106,2013,"Paraguay","41330","1","Universidad San Carlos;Asociación Rural del Paraguay (ARP);Unión de Gremios de la Producción (UGP);Federación de Cooperativas de Producción (FECOPROD)",4,"Asociación Rural del Paraguay (ARP)","asoc_empresaria","osc",1,1,"empresa"
"164",106,2013,"Paraguay","41330","1","Universidad San Carlos;Asociación Rural del Paraguay (ARP);Unión de Gremios de la Producción (UGP);Federación de Cooperativas de Producción (FECOPROD)",4,"Unión de Gremios de la Producción (UGP)","asoc_prof","osc",1,1,"profesionales"
"165",106,2013,"Paraguay","41330","1","Universidad San Carlos;Asociación Rural del Paraguay (ARP);Unión de Gremios de la Producción (UGP);Federación de Cooperativas de Producción (FECOPROD)",4,"Federación de Cooperativas de Producción (FECOPROD)","asoc_empresaria","osc",1,1,"empresa"
"166",107,2013,"Paraguay","41357","1","DENDE Democracia En Desarrollo;CERNECO Centro de Regulación, Normas y Estudios de la Comunicación",2,"DENDE Democracia En Desarrollo","ong_democracia","osc",3,1,"osc_desarrollo"
"167",107,2013,"Paraguay","41357","1","DENDE Democracia En Desarrollo;CERNECO Centro de Regulación, Normas y Estudios de la Comunicación",2,"CERNECO Centro de Regulación, Normas y Estudios de la Comunicación","asoc_medios","mmc",3,2,"asociaciones_medios"
"168",108,2013,"Paraguay","41350","1","DENDE Democracia En Desarrollo;CERNECO Centro de Regulación, Normas y Estudios de la Comunicación",2,"DENDE Democracia En Desarrollo","ong_democracia","osc",3,1,"osc_desarrollo"
"169",108,2013,"Paraguay","41350","1","DENDE Democracia En Desarrollo;CERNECO Centro de Regulación, Normas y Estudios de la Comunicación",2,"CERNECO Centro de Regulación, Normas y Estudios de la Comunicación","asoc_medios","mmc",3,2,"asociaciones_medios"
"170",109,2013,"Paraguay","41298","1","Unicanal",1,"Unicanal","tv_pago_privada","mmc",2,3,"tv"
"171",110,2018,"Paraguay","43206","1","DENDE Democracia En Desarrollo",1,"DENDE Democracia En Desarrollo","ong_democracia","osc",3,1,"osc_desarrollo"
"172",111,1979,"Ecuador","28637","1","Canal 10 Telecentro;Círculo de Periodistas del Guayas",2,"Canal 10 Telecentro","tv_abierta_privada","mmc",2,3,"tv"
"173",111,1979,"Ecuador","28637","1","Canal 10 Telecentro;Círculo de Periodistas del Guayas",2,"Círculo de Periodistas del Guayas","asoc_prensa","mmc",3,2,"asociaciones_medios"
"174",112,1979,"Ecuador","28891","2","Ecuavisa",1,"Ecuavisa","tv_abierta_privada","mmc",2,3,"tv"
"175",113,1984,"Ecuador","30801","2","Canal 10 Telecentro;AER Asociación Ecuatoriana de Radiodifusión",2,"Canal 10 Telecentro","tv_abierta_privada","mmc",2,3,"tv"
"176",113,1984,"Ecuador","30801","2","Canal 10 Telecentro;AER Asociación Ecuatoriana de Radiodifusión",2,"AER Asociación Ecuatoriana de Radiodifusión","asoc_medios","mmc",3,2,"asociaciones_medios"
"177",114,1992,"Ecuador","33662","1","Cámara de Industriales de Pichincha",1,"Cámara de Industriales de Pichincha","asoc_empresaria","osc",1,1,"empresa"
"178",115,1992,"Ecuador","33711","1","Cámara de la Construcción de Quito",1,"Cámara de la Construcción de Quito","asoc_empresaria","osc",1,1,"empresa"
"179",116,2006,"Ecuador","38951","1","Cámara de Comercio de Guayaquil",1,"Cámara de Comercio de Guayaquil","asoc_empresaria","osc",1,1,"empresa"
"180",117,2006,"Ecuador","38986","1","Cámara de Comercio 
de Quito",1,"Cámara de Comercio 
de Quito",NA,NA,NA,NA,NA
"181",118,2006,"Ecuador","38995","1","CNN en Español;Ecuavisa",2,"CNN en Español","tv_internacional","mmc",2,3,"internacional"
"182",118,2006,"Ecuador","38995","1","CNN en Español;Ecuavisa",2,"Ecuavisa","tv_abierta_privada","mmc",2,3,"tv"
"183",119,2013,"Ecuador","41255","1","Cámara de Comercio de Guayaquil",1,"Cámara de Comercio de Guayaquil","asoc_empresaria","osc",1,1,"empresa"
"184",120,2017,"Ecuador","42760","1","Cámara de Comercio de Guayaquil",1,"Cámara de Comercio de Guayaquil","asoc_empresaria","osc",1,1,"empresa"
"185",121,2021,"Ecuador","42771","1","Grupo El Comercio (Ecuador)",1,"Grupo El Comercio (Ecuador)","grafico_privado","mmc",2,3,"grafico"
"186",122,2021,"Ecuador","44212","1","Cámara Nacional Electoral (Ecuador)",1,"Cámara Nacional Electoral (Ecuador)","estado_electoral","estado",5,1,"estado"
"187",123,2021,"Ecuador","44205","1","TVC Televicentro;Grupo El Comercio (Ecuador)",2,"TVC Televicentro","tv_abierta_privada","mmc",2,3,"tv"
"188",123,2021,"Ecuador","44205","1","TVC Televicentro;Grupo El Comercio (Ecuador)",2,"Grupo El Comercio (Ecuador)","grafico_privado","mmc",2,3,"grafico"
"189",124,2021,"Ecuador","44210","1","Cámara de Comercio de Guayaquil;UEES Universidad del Espíritu Santo",2,"Cámara de Comercio de Guayaquil","asoc_empresaria","osc",1,1,"empresa"
"190",124,2021,"Ecuador","44210","1","Cámara de Comercio de Guayaquil;UEES Universidad del Espíritu Santo",2,"UEES Universidad del Espíritu Santo","educ_iglesia","educ",2,1,"iglesia"
"191",125,2021,"Ecuador","44276","2","Cámara Nacional Electoral (Ecuador)",1,"Cámara Nacional Electoral (Ecuador)","estado_electoral","estado",5,1,"estado"
"192",126,1984,"Uruguay","NA","1","NA",1,"NA",NA,NA,NA,NA,NA
"193",127,1989,"Uruguay","NA","1","Canal 12 Telemundo",1,"Canal 12 Telemundo","tv_abierta_privada","mmc",2,3,"tv"
"194",128,1989,"Uruguay","NA","1","Canal 12 Telemundo",1,"Canal 12 Telemundo","tv_abierta_privada","mmc",2,3,"tv"
"195",129,1989,"Uruguay","NA","1","Canal 12 Telemundo",1,"Canal 12 Telemundo","tv_abierta_privada","mmc",2,3,"tv"
"196",130,1989,"Uruguay","NA","1","Canal 12 Telemundo",1,"Canal 12 Telemundo","tv_abierta_privada","mmc",2,3,"tv"
"197",131,1989,"Uruguay","NA","1","Canal 12 Telemundo",1,"Canal 12 Telemundo","tv_abierta_privada","mmc",2,3,"tv"
"198",132,1994,"Uruguay","34646","1","NA",1,"NA",NA,NA,NA,NA,NA
"199",133,1994,"Uruguay","34660","1","NA",1,"NA",NA,NA,NA,NA,NA
"200",134,2009,"Uruguay","40062","1","Canal 4 Montecarlo",1,"Canal 4 Montecarlo","tv_abierta_privada","mmc",2,3,"tv"
"201",135,2014,"Uruguay","41921","1","ANDEBU Asociación Nacional de Broadcasters del Uruguay",1,"ANDEBU Asociación Nacional de Broadcasters del Uruguay","asoc_medios","mmc",3,2,"asociaciones_medios"
"202",136,2019,"Uruguay","43739","1","Canal 4 Montecarlo;Canal 10 Uruguay;Canal 12 Teledoce;Semanario Búsqueda;Televisión Nacional;Radio Uruguay;TV Ciudad;APU Asociación de la Prensa Uruguaya",8,"Canal 4 Montecarlo","tv_abierta_privada","mmc",2,3,"tv"
"203",136,2019,"Uruguay","43739","1","Canal 4 Montecarlo;Canal 10 Uruguay;Canal 12 Teledoce;Semanario Búsqueda;Televisión Nacional;Radio Uruguay;TV Ciudad;APU Asociación de la Prensa Uruguaya",8,"Canal 10 Uruguay","tv_abierta_privada","mmc",2,3,"tv"
"204",136,2019,"Uruguay","43739","1","Canal 4 Montecarlo;Canal 10 Uruguay;Canal 12 Teledoce;Semanario Búsqueda;Televisión Nacional;Radio Uruguay;TV Ciudad;APU Asociación de la Prensa Uruguaya",8,"Canal 12 Teledoce","tv_abierta_privada","mmc",2,3,"tv"
"205",136,2019,"Uruguay","43739","1","Canal 4 Montecarlo;Canal 10 Uruguay;Canal 12 Teledoce;Semanario Búsqueda;Televisión Nacional;Radio Uruguay;TV Ciudad;APU Asociación de la Prensa Uruguaya",8,"Semanario Búsqueda","grafico_privado","mmc",2,3,"grafico"
"206",136,2019,"Uruguay","43739","1","Canal 4 Montecarlo;Canal 10 Uruguay;Canal 12 Teledoce;Semanario Búsqueda;Televisión Nacional;Radio Uruguay;TV Ciudad;APU Asociación de la Prensa Uruguaya",8,"Televisión Nacional","tv_publica_abierta","mmp",5,3,"medios_publicos"
"207",136,2019,"Uruguay","43739","1","Canal 4 Montecarlo;Canal 10 Uruguay;Canal 12 Teledoce;Semanario Búsqueda;Televisión Nacional;Radio Uruguay;TV Ciudad;APU Asociación de la Prensa Uruguaya",8,"Radio Uruguay","radio_publica","mmp",5,3,"medios_publicos"
"208",136,2019,"Uruguay","43739","1","Canal 4 Montecarlo;Canal 10 Uruguay;Canal 12 Teledoce;Semanario Búsqueda;Televisión Nacional;Radio Uruguay;TV Ciudad;APU Asociación de la Prensa Uruguaya",8,"TV Ciudad","tv_subnacional_publica","mmp",5,3,"medios_publicos"
"209",136,2019,"Uruguay","43739","1","Canal 4 Montecarlo;Canal 10 Uruguay;Canal 12 Teledoce;Semanario Búsqueda;Televisión Nacional;Radio Uruguay;TV Ciudad;APU Asociación de la Prensa Uruguaya",8,"APU Asociación de la Prensa Uruguaya","asoc_prensa","mmc",3,2,"asociaciones_medios"
"210",137,2019,"Uruguay","43783","2","Corte Electoral",1,"Corte Electoral","estado_electoral","estado",5,1,"estado"
"211",138,1990,"Nicaragua","33178","1","NA",1,"NA",NA,NA,NA,NA,NA
"212",139,2006,"Nicaragua","38973","1","CNN en Español;Canal 2 Televicentro",2,"CNN en Español","tv_internacional","mmc",2,3,"internacional"
"213",139,2006,"Nicaragua","38973","1","CNN en Español;Canal 2 Televicentro",2,"Canal 2 Televicentro","tv_abierta_privada","mmc",2,3,"tv"
"214",140,1994,"Panama","34421","1","ILDEA Instituto Latinoamericano de Estudios Avanzados;TVN Canal 2;RPC Canal 4;FETV Canal 5;Telemetro Panama Canal 13",5,"ILDEA Instituto Latinoamericano de Estudios Avanzados","thinkthank","osc",3,1,"osc_desarrollo"
"215",140,1994,"Panama","34421","1","ILDEA Instituto Latinoamericano de Estudios Avanzados;TVN Canal 2;RPC Canal 4;FETV Canal 5;Telemetro Panama Canal 13",5,"TVN Canal 2","tv_abierta_privada","mmc",2,3,"tv"
"216",140,1994,"Panama","34421","1","ILDEA Instituto Latinoamericano de Estudios Avanzados;TVN Canal 2;RPC Canal 4;FETV Canal 5;Telemetro Panama Canal 13",5,"RPC Canal 4","tv_abierta_privada","mmc",2,3,"tv"
"217",140,1994,"Panama","34421","1","ILDEA Instituto Latinoamericano de Estudios Avanzados;TVN Canal 2;RPC Canal 4;FETV Canal 5;Telemetro Panama Canal 13",5,"FETV Canal 5","tv_iglesia_abierta","mmc",2,3,"iglesia"
"218",140,1994,"Panama","34421","1","ILDEA Instituto Latinoamericano de Estudios Avanzados;TVN Canal 2;RPC Canal 4;FETV Canal 5;Telemetro Panama Canal 13",5,"Telemetro Panama Canal 13","tv_abierta_privada","mmc",2,3,"tv"
"219",141,1994,"Panama","34435","1","ILDEA Instituto Latinoamericano de Estudios Avanzados;TVN Canal 2;RPC Canal 4;FETV Canal 5;Telemetro Panama Canal 14",5,"ILDEA Instituto Latinoamericano de Estudios Avanzados","thinkthank","osc",3,1,"osc_desarrollo"
"220",141,1994,"Panama","34435","1","ILDEA Instituto Latinoamericano de Estudios Avanzados;TVN Canal 2;RPC Canal 4;FETV Canal 5;Telemetro Panama Canal 14",5,"TVN Canal 2","tv_abierta_privada","mmc",2,3,"tv"
"221",141,1994,"Panama","34435","1","ILDEA Instituto Latinoamericano de Estudios Avanzados;TVN Canal 2;RPC Canal 4;FETV Canal 5;Telemetro Panama Canal 14",5,"RPC Canal 4","tv_abierta_privada","mmc",2,3,"tv"
"222",141,1994,"Panama","34435","1","ILDEA Instituto Latinoamericano de Estudios Avanzados;TVN Canal 2;RPC Canal 4;FETV Canal 5;Telemetro Panama Canal 14",5,"FETV Canal 5","tv_iglesia_abierta","mmc",2,3,"iglesia"
"223",141,1994,"Panama","34435","1","ILDEA Instituto Latinoamericano de Estudios Avanzados;TVN Canal 2;RPC Canal 4;FETV Canal 5;Telemetro Panama Canal 14",5,"Telemetro Panama Canal 14",NA,NA,NA,NA,NA
"224",142,1994,"Panama","34449","1","ILDEA Instituto Latinoamericano de Estudios Avanzados;Canal 2;Canal 4;Canal 5;Canal 13",5,"ILDEA Instituto Latinoamericano de Estudios Avanzados","thinkthank","osc",3,1,"osc_desarrollo"
"225",142,1994,"Panama","34449","1","ILDEA Instituto Latinoamericano de Estudios Avanzados;Canal 2;Canal 4;Canal 5;Canal 13",5,"Canal 2",NA,NA,NA,NA,NA
"226",142,1994,"Panama","34449","1","ILDEA Instituto Latinoamericano de Estudios Avanzados;Canal 2;Canal 4;Canal 5;Canal 13",5,"Canal 4",NA,NA,NA,NA,NA
"227",142,1994,"Panama","34449","1","ILDEA Instituto Latinoamericano de Estudios Avanzados;Canal 2;Canal 4;Canal 5;Canal 13",5,"Canal 5",NA,NA,NA,NA,NA
"228",142,1994,"Panama","34449","1","ILDEA Instituto Latinoamericano de Estudios Avanzados;Canal 2;Canal 4;Canal 5;Canal 13",5,"Canal 13",NA,NA,NA,NA,NA
"229",143,2004,"Panama","37942","1","TVN Canal 2",1,"TVN Canal 2","tv_abierta_privada","mmc",2,3,"tv"
"230",144,2004,"Panama","38019","1","Medcom",1,"Medcom","tv_abierta_privada","mmc",2,3,"tv"
"231",145,2004,"Panama","38062","1","NA",1,"NA",NA,NA,NA,NA,NA
"232",146,2004,"Panama","38096","1","Fundación de Etica y Civismo",1,"Fundación de Etica y Civismo","thinkthank","osc",3,1,"osc_desarrollo"
"233",147,2009,"Panama","39889","1","Cámara de Comercio, Industrias y Agricultura de Panamá",1,"Cámara de Comercio, Industrias y Agricultura de Panamá","asoc_empresaria","osc",1,1,"empresa"
"234",148,2014,"Panama","41659","1","Medcom",1,"Medcom","tv_abierta_privada","mmc",2,3,"tv"
"235",149,2014,"Panama","41736","1","Cámara de Comercio, Industrias y Agricultura de Panamá",1,"Cámara de Comercio, Industrias y Agricultura de Panamá","asoc_empresaria","osc",1,1,"empresa"
"236",150,2014,"Panama","41745","1","Consejo de Rectores de la Universidad de Panamá;Asociación de Universidades Privadas de Panamá;Comisión de Justicia y Paz",3,"Consejo de Rectores de la Universidad de Panamá","educ_asoc","educ",3,1,"educacion"
"237",150,2014,"Panama","41745","1","Consejo de Rectores de la Universidad de Panamá;Asociación de Universidades Privadas de Panamá;Comisión de Justicia y Paz",3,"Asociación de Universidades Privadas de Panamá","educ_asoc_privadas","educ",2,1,"educacion"
"238",150,2014,"Panama","41745","1","Consejo de Rectores de la Universidad de Panamá;Asociación de Universidades Privadas de Panamá;Comisión de Justicia y Paz",3,"Comisión de Justicia y Paz","asoc_iglesia","osc",2,1,"iglesia"
"239",151,2019,"Panama","43544","1","Universidad del Istmo (UDI)",1,"Universidad del Istmo (UDI)","educ_privada","educ",2,1,"educacion"
"240",152,2019,"Panama","43550","1","Consejo Nacional de la Empresa Privada (Conep)",1,"Consejo Nacional de la Empresa Privada (Conep)","asoc_empresaria","osc",1,1,"empresa"
"241",153,2019,"Panama","43551","1","Cámara Nacional de Turismo",1,"Cámara Nacional de Turismo","asoc_empresaria","osc",1,1,"empresa"
"242",154,2019,"Panama","76388","1","TE Tribunal Electoral (Panamá);Universidad de Panamá;Telemetro",3,"TE Tribunal Electoral (Panamá)","estado_electoral","estado",5,1,"estado"
"243",154,2019,"Panama","76388","1","TE Tribunal Electoral (Panamá);Universidad de Panamá;Telemetro",3,"Universidad de Panamá","educ_publica","educ",4,1,"educacion"
"244",154,2019,"Panama","76388","1","TE Tribunal Electoral (Panamá);Universidad de Panamá;Telemetro",3,"Telemetro","tv_abierta_privada","mmc",2,3,"tv"
"245",155,2019,"Panama","43537","1","Asociación de Productores de Tierras Altas (en representación de movimiento ""Unidos por el Agro""",1,"Asociación de Productores de Tierras Altas (en representación de movimiento ""Unidos por el Agro""","asoc_empresaria","osc",1,1,"empresa"
"246",156,2019,"Panama","43565","1","TE Tribunal Electoral (Panamá);Cámara de Comercio, Industrias y Agricultura de Panamá",2,"TE Tribunal Electoral (Panamá)","estado_electoral","estado",5,1,"estado"
"247",156,2019,"Panama","43565","1","TE Tribunal Electoral (Panamá);Cámara de Comercio, Industrias y Agricultura de Panamá",2,"Cámara de Comercio, Industrias y Agricultura de Panamá","asoc_empresaria","osc",1,1,"empresa"
"248",157,1963,"Venezuela","23306","1","RCTV Radio Caracas Televisión",1,"RCTV Radio Caracas Televisión","tv_abierta_privada","mmc",2,3,"tv"
"249",158,1968,"Venezuela","NA","1","Teatro Lido de Caracas",1,"Teatro Lido de Caracas","espaciocultural_privado","mmc",2,3,"otros_medios"
"250",159,1983,"Venezuela","30446","1","RCTV Radio Caracas Televisión;Venevisión;Venezolana de Televisión",3,"RCTV Radio Caracas Televisión","tv_abierta_privada","mmc",2,3,"tv"
"251",159,1983,"Venezuela","30446","1","RCTV Radio Caracas Televisión;Venevisión;Venezolana de Televisión",3,"Venevisión","tv_abierta_privada","mmc",2,3,"tv"
"252",159,1983,"Venezuela","30446","1","RCTV Radio Caracas Televisión;Venevisión;Venezolana de Televisión",3,"Venezolana de Televisión","tv_publica_abierta","mmp",5,3,"medios_publicos"
"253",160,1998,"Venezuela","35855","1","Globovisión;Univisión",2,"Globovisión","tv_abierta_privada","mmc",2,3,"tv"
"254",160,1998,"Venezuela","35855","1","Globovisión;Univisión",2,"Univisión","tv_internacional","mmc",2,3,"internacional"
"255",161,1989,"Bolivia","32626","1","APLP Asociación de Periodistas de La Paz",1,"APLP Asociación de Periodistas de La Paz","asoc_prensa","mmc",3,2,"asociaciones_medios"
"256",162,1993,"Bolivia","34109","1","APLP Asociación de Periodistas de La Paz",1,"APLP Asociación de Periodistas de La Paz","asoc_prensa","mmc",3,2,"asociaciones_medios"
"257",163,1997,"Bolivia","NA","1","ATB",1,"ATB","tv_abierta_privada","mmc",2,3,"tv"
"258",164,1997,"Bolivia","NA","1","Bolivisión",1,"Bolivisión","tv_abierta_privada","mmc",2,3,"tv"
"259",165,1997,"Bolivia","NA","1","APLP Asociación de Periodistas de La Paz",1,"APLP Asociación de Periodistas de La Paz","asoc_prensa","mmc",3,2,"asociaciones_medios"
"260",166,1997,"Bolivia","NA","1","Asociación de Familiares de Desaparecidos y Mártires por la Liberación Nacional",1,"Asociación de Familiares de Desaparecidos y Mártires por la Liberación Nacional","ong_ddhh","osc",3,1,"osc_ddh"
"261",167,1997,"Bolivia","35549","1","CEPB Confederación de Empresarios Privados de Bolivia",1,"CEPB Confederación de Empresarios Privados de Bolivia","asoc_empresaria","osc",1,1,"empresa"
"262",168,2002,"Bolivia","37423","1","ATB;La Razón;El Deber;La Prensa;Unitel",5,"ATB","tv_abierta_privada","mmc",2,3,"tv"
"263",168,2002,"Bolivia","37423","1","ATB;La Razón;El Deber;La Prensa;Unitel",5,"La Razón","grafico_privado","mmc",2,3,"grafico"
"264",168,2002,"Bolivia","37423","1","ATB;La Razón;El Deber;La Prensa;Unitel",5,"El Deber","grafico_privado","mmc",2,3,"grafico"
"265",168,2002,"Bolivia","37423","1","ATB;La Razón;El Deber;La Prensa;Unitel",5,"La Prensa","digital_privado","mmc",2,3,"grafico"
"266",168,2002,"Bolivia","37423","1","ATB;La Razón;El Deber;La Prensa;Unitel",5,"Unitel","tv_abierta_privada","mmc",2,3,"tv"
"267",169,2002,"Bolivia","37430","1","APLP Asociación de Periodistas de La Paz",1,"APLP Asociación de Periodistas de La Paz","asoc_prensa","mmc",3,2,"asociaciones_medios"
"268",170,2005,"Bolivia","38697","1","APLP Asociación de Periodistas de La Paz",1,"APLP Asociación de Periodistas de La Paz","asoc_prensa","mmc",3,2,"asociaciones_medios"
"269",171,2014,"Bolivia","41910","1","APLP Asociación de Periodistas de La Paz;Fundación Konrad Adenauer",2,"APLP Asociación de Periodistas de La Paz","asoc_prensa","mmc",3,2,"asociaciones_medios"
"270",171,2014,"Bolivia","41910","1","APLP Asociación de Periodistas de La Paz;Fundación Konrad Adenauer",2,"Fundación Konrad Adenauer","ong_internacional","osc",3,1,"internacional"
"271",172,2020,"Bolivia","44107","1","FAM Federación de Asociaciones Municipales;CUB Confederación Universitaria Boliviana",2,"FAM Federación de Asociaciones Municipales","coordinadora","osc",3,1,"otros_osc"
"272",172,2020,"Bolivia","44107","1","FAM Federación de Asociaciones Municipales;CUB Confederación Universitaria Boliviana",2,"CUB Confederación Universitaria Boliviana","movimiento_estudiantil","osc",3,1,"educacion"
"273",173,2020,"Bolivia","44108","1","ANP Asociación Nacional de Periodistas;CEPB Confederación de Empresarios Privados de Bolivia;Fundación Jubileo;UMSA Universidad Mayor de San Andrés",4,"ANP Asociación Nacional de Periodistas","asoc_medios","mmc",3,2,"asociaciones_medios"
"274",173,2020,"Bolivia","44108","1","ANP Asociación Nacional de Periodistas;CEPB Confederación de Empresarios Privados de Bolivia;Fundación Jubileo;UMSA Universidad Mayor de San Andrés",4,"CEPB Confederación de Empresarios Privados de Bolivia","asoc_empresaria","osc",1,1,"empresa"
"275",173,2020,"Bolivia","44108","1","ANP Asociación Nacional de Periodistas;CEPB Confederación de Empresarios Privados de Bolivia;Fundación Jubileo;UMSA Universidad Mayor de San Andrés",4,"Fundación Jubileo","asoc_iglesia","osc",2,1,"iglesia"
"276",173,2020,"Bolivia","44108","1","ANP Asociación Nacional de Periodistas;CEPB Confederación de Empresarios Privados de Bolivia;Fundación Jubileo;UMSA Universidad Mayor de San Andrés",4,"UMSA Universidad Mayor de San Andrés","educ_publica","educ",4,1,"educacion"
"277",174,1994,"Mexico","34466","1","CIRT Cámara Nacional de la Industria de Radio y Televisión",1,"CIRT Cámara Nacional de la Industria de Radio y Televisión","asoc_medios","mmc",3,2,"asociaciones_medios"
"278",175,2000,"Mexico","36641","1","CIRT Cámara Nacional de la Industria de Radio y Televisión;IFE Instituto Federal Electoral",2,"CIRT Cámara Nacional de la Industria de Radio y Televisión","asoc_medios","mmc",3,2,"asociaciones_medios"
"279",175,2000,"Mexico","36641","1","CIRT Cámara Nacional de la Industria de Radio y Televisión;IFE Instituto Federal Electoral",2,"IFE Instituto Federal Electoral","estado_electoral","estado",5,1,"estado"
"280",176,2000,"Mexico","36672","1","CIRT Cámara Nacional de la Industria de Radio y Televisión",1,"CIRT Cámara Nacional de la Industria de Radio y Televisión","asoc_medios","mmc",3,2,"asociaciones_medios"
"281",177,2006,"Mexico","38832","1","CIRT Cámara Nacional de la Industria de Radio y Televisión",1,"CIRT Cámara Nacional de la Industria de Radio y Televisión","asoc_medios","mmc",3,2,"asociaciones_medios"
"282",178,2006,"Mexico","38874","1","CIRT Cámara Nacional de la Industria de Radio y Televisión;IFE Instituto Federal Electoral",2,"CIRT Cámara Nacional de la Industria de Radio y Televisión","asoc_medios","mmc",3,2,"asociaciones_medios"
"283",178,2006,"Mexico","38874","1","CIRT Cámara Nacional de la Industria de Radio y Televisión;IFE Instituto Federal Electoral",2,"IFE Instituto Federal Electoral","estado_electoral","estado",5,1,"estado"
"284",179,2012,"Mexico","41035","1","IFE Instituto Federal Electoral",1,"IFE Instituto Federal Electoral","estado_electoral","estado",5,1,"estado"
"285",180,2012,"Mexico","41070","1","IFE Instituto Federal Electoral",1,"IFE Instituto Federal Electoral","estado_electoral","estado",5,1,"estado"
"286",181,2012,"Mexico","41079","1","YoSoy132",1,"YoSoy132","movimiento_estudiantil","osc",3,1,"educacion"
"287",182,2018,"Mexico","43212","1","INE Instituto Nacional Electoral",1,"INE Instituto Nacional Electoral","estado_electoral","estado",5,1,"estado"
"288",183,2018,"Mexico","43240","1","INE Instituto Nacional Electoral",1,"INE Instituto Nacional Electoral","estado_electoral","estado",5,1,"estado"
"289",184,2018,"Mexico","43263","1","INE Instituto Nacional Electoral",1,"INE Instituto Nacional Electoral","estado_electoral","estado",5,1,"estado"
"290",185,1985,"Guatemala","NA","NA","AGG Asociación de Generentes de Guatemala",1,"AGG Asociación de Generentes de Guatemala","asoc_empresaria","osc",1,1,"empresa"
"291",186,1990,"Guatemala","NA","NA","AGG Asociación de Generentes de Guatemala",1,"AGG Asociación de Generentes de Guatemala","asoc_empresaria","osc",1,1,"empresa"
"292",187,1995,"Guatemala","NA","2","Canal 7 Telecentro (Guatemala)",1,"Canal 7 Telecentro (Guatemala)","tv_abierta_privada","mmc",2,3,"tv"
"293",188,1995,"Guatemala","NA","NA","AGG Asociación de Generentes de Guatemala",1,"AGG Asociación de Generentes de Guatemala","asoc_empresaria","osc",1,1,"empresa"
"294",189,1999,"Guatemala","NA","NA","AGG Asociación de Generentes de Guatemala",1,"AGG Asociación de Generentes de Guatemala","asoc_empresaria","osc",1,1,"empresa"
"295",190,2003,"Guatemala","37890","1","Universidad Francisco Marroquín (Instituto de Estudios Políticos y Relaciones Internacionales)",1,"Universidad Francisco Marroquín (Instituto de Estudios Políticos y Relaciones Internacionales)","educ_privada","educ",2,1,"educacion"
"296",191,2003,"Guatemala","37970","2","AGG Asociación de Generentes de Guatemala",1,"AGG Asociación de Generentes de Guatemala","asoc_empresaria","osc",1,1,"empresa"
"297",192,2007,"Guatemala","39324","1","CNN en Español;Canal 3 Telecentro (Guatemala)",2,"CNN en Español","tv_internacional","mmc",2,3,"internacional"
"298",192,2007,"Guatemala","39324","1","CNN en Español;Canal 3 Telecentro (Guatemala)",2,"Canal 3 Telecentro (Guatemala)","tv_abierta_privada","mmc",2,3,"tv"
"299",193,2011,"Guatemala","40696","1","Congreso de Empresas Privadas de Seguirdad",1,"Congreso de Empresas Privadas de Seguirdad","asoc_empresaria","osc",1,1,"empresa"
"300",194,2011,"Guatemala","40717","1","CIG Cámara de la Industria de Guatemala",1,"CIG Cámara de la Industria de Guatemala","asoc_empresaria","osc",1,1,"empresa"
"301",195,2011,"Guatemala","40737","1","CEG Conferencia Episcopal de Guatemala",1,"CEG Conferencia Episcopal de Guatemala","asoc_iglesia","osc",2,1,"iglesia"
"302",196,2011,"Guatemala","40766","1","Movimiento de Inmigrantes Guatemaltecos;Coalición Nacional de Migrantes;Sindicato Internacional de Trabajadores de Servicios",3,"Movimiento de Inmigrantes Guatemaltecos","ong_migrantes","osc",3,1,"osc_ddh"
"303",196,2011,"Guatemala","40766","1","Movimiento de Inmigrantes Guatemaltecos;Coalición Nacional de Migrantes;Sindicato Internacional de Trabajadores de Servicios",3,"Coalición Nacional de Migrantes","ong_migrantes","osc",3,1,"osc_ddh"
"304",196,2011,"Guatemala","40766","1","Movimiento de Inmigrantes Guatemaltecos;Coalición Nacional de Migrantes;Sindicato Internacional de Trabajadores de Servicios",3,"Sindicato Internacional de Trabajadores de Servicios","ong_internacional","osc",3,1,"internacional"
"305",197,2011,"Guatemala","40777","1","AGG Asociación de Generentes de Guatemala",1,"AGG Asociación de Generentes de Guatemala","asoc_empresaria","osc",1,1,"empresa"
"306",198,2011,"Guatemala","40780","1","CNN en Español;Canal 3 Telecentro (Guatemala)",2,"CNN en Español","tv_internacional","mmc",2,3,"internacional"
"307",198,2011,"Guatemala","40780","1","CNN en Español;Canal 3 Telecentro (Guatemala)",2,"Canal 3 Telecentro (Guatemala)","tv_abierta_privada","mmc",2,3,"tv"
"308",199,2011,"Guatemala","40833","2","AGG Asociación de Generentes de Guatemala",1,"AGG Asociación de Generentes de Guatemala","asoc_empresaria","osc",1,1,"empresa"
"309",200,2015,"Guatemala","42226","1","Consejo de Empresarial de Guatemala",1,"Consejo de Empresarial de Guatemala","asoc_empresaria","osc",1,1,"empresa"
"310",201,2015,"Guatemala","42241","1","AGG Asociación de Generentes de Guatemala",1,"AGG Asociación de Generentes de Guatemala","asoc_empresaria","osc",1,1,"empresa"
"311",202,2015,"Guatemala","42232","1","ASIES Asociación de Investigación y Estudios Sociales;Albavisión",2,"ASIES Asociación de Investigación y Estudios Sociales","thinkthank","osc",3,1,"osc_desarrollo"
"312",202,2015,"Guatemala","42232","1","ASIES Asociación de Investigación y Estudios Sociales;Albavisión",2,"Albavisión","tv_abierta_privada","mmc",2,3,"tv"
"313",203,2015,"Guatemala","42236","1","Universidad del Valle de Guatemala",1,"Universidad del Valle de Guatemala","educ_privada","educ",2,1,"educacion"
"314",204,2015,"Guatemala","42291","2","AGG Asociación de Generentes de Guatemala",1,"AGG Asociación de Generentes de Guatemala","asoc_empresaria","osc",1,1,"empresa"
"315",205,2015,"Guatemala","42296","2","ASIES Asociación de Investigación y Estudios Sociales;Albavisión;Universidad de San Carlos",3,"ASIES Asociación de Investigación y Estudios Sociales","thinkthank","osc",3,1,"osc_desarrollo"
"316",205,2015,"Guatemala","42296","2","ASIES Asociación de Investigación y Estudios Sociales;Albavisión;Universidad de San Carlos",3,"Albavisión","tv_abierta_privada","mmc",2,3,"tv"
"317",205,2015,"Guatemala","42296","2","ASIES Asociación de Investigación y Estudios Sociales;Albavisión;Universidad de San Carlos",3,"Universidad de San Carlos","educ_publica","educ",4,1,"educacion"
"318",206,2015,"Guatemala","42300","2","Guatevisión;Alianza Evangélica de Guatemala;Consejo Apostólico de Guatemala;Iglesia Evangélica Presbiteriana de Guatemala;AMEG Asociación de Ministros Evangélicos de Guatemala;Liga Pro Patria",6,"Guatevisión","tv_abierta_privada","mmc",2,3,"tv"
"319",206,2015,"Guatemala","42300","2","Guatevisión;Alianza Evangélica de Guatemala;Consejo Apostólico de Guatemala;Iglesia Evangélica Presbiteriana de Guatemala;AMEG Asociación de Ministros Evangélicos de Guatemala;Liga Pro Patria",6,"Alianza Evangélica de Guatemala","asoc_iglesia","osc",2,1,"iglesia"
"320",206,2015,"Guatemala","42300","2","Guatevisión;Alianza Evangélica de Guatemala;Consejo Apostólico de Guatemala;Iglesia Evangélica Presbiteriana de Guatemala;AMEG Asociación de Ministros Evangélicos de Guatemala;Liga Pro Patria",6,"Consejo Apostólico de Guatemala","asoc_iglesia","osc",2,1,"iglesia"
"321",206,2015,"Guatemala","42300","2","Guatevisión;Alianza Evangélica de Guatemala;Consejo Apostólico de Guatemala;Iglesia Evangélica Presbiteriana de Guatemala;AMEG Asociación de Ministros Evangélicos de Guatemala;Liga Pro Patria",6,"Iglesia Evangélica Presbiteriana de Guatemala","asoc_iglesia","osc",2,1,"iglesia"
"322",206,2015,"Guatemala","42300","2","Guatevisión;Alianza Evangélica de Guatemala;Consejo Apostólico de Guatemala;Iglesia Evangélica Presbiteriana de Guatemala;AMEG Asociación de Ministros Evangélicos de Guatemala;Liga Pro Patria",6,"AMEG Asociación de Ministros Evangélicos de Guatemala","asoc_iglesia","osc",2,1,"iglesia"
"323",206,2015,"Guatemala","42300","2","Guatevisión;Alianza Evangélica de Guatemala;Consejo Apostólico de Guatemala;Iglesia Evangélica Presbiteriana de Guatemala;AMEG Asociación de Ministros Evangélicos de Guatemala;Liga Pro Patria",6,"Liga Pro Patria","ong_democracia","osc",3,1,"osc_desarrollo"
"324",207,2019,"Guatemala","43618","1","AGG Asociación de Generentes de Guatemala",1,"AGG Asociación de Generentes de Guatemala","asoc_empresaria","osc",1,1,"empresa"
"325",208,2019,"Guatemala","43626","1","Federación Evangélica de Guatemala",1,"Federación Evangélica de Guatemala","asoc_iglesia","osc",2,1,"iglesia"
"326",209,2019,"Guatemala","43596","1","ASIES Asociación de Investigación y Estudios Sociales;Albavisión",2,"ASIES Asociación de Investigación y Estudios Sociales","thinkthank","osc",3,1,"osc_desarrollo"
"327",209,2019,"Guatemala","43596","1","ASIES Asociación de Investigación y Estudios Sociales;Albavisión",2,"Albavisión","tv_abierta_privada","mmc",2,3,"tv"
"328",210,2019,"Guatemala","43603","1","Alianza Guatemaltecos Unidos;Churches in Action",2,"Alianza Guatemaltecos Unidos","ong_migrantes","osc",3,1,"osc_ddh"
"329",210,2019,"Guatemala","43603","1","Alianza Guatemaltecos Unidos;Churches in Action",2,"Churches in Action","asoc_iglesia","osc",2,1,"iglesia"
"330",211,1993,"Honduras","34240","1","COHEP Consejo Hondureño de Empresa Privada",1,"COHEP Consejo Hondureño de Empresa Privada","asoc_empresaria","osc",1,1,"empresa"
"331",212,1997,"Honduras","NA","NA","NA",1,"NA",NA,NA,NA,NA,NA
"332",213,2001,"Honduras","NA","NA","NA",1,"NA",NA,NA,NA,NA,NA
"333",214,2009,"Honduras","NA","NA","NA",1,"NA",NA,NA,NA,NA,NA
"334",215,2013,"Honduras","41556","1","USAP Universidad de San Pedro Sula;Campus TV",2,"USAP Universidad de San Pedro Sula","educ_privada","educ",2,1,"educacion"
"335",215,2013,"Honduras","41556","1","USAP Universidad de San Pedro Sula;Campus TV",2,"Campus TV","tv_abierta_universitaria","mmc",4,3,"educacion"
"336",216,2017,"Honduras","43020","1","USAP Universidad de San Pedro Sula;Campus TV",2,"USAP Universidad de San Pedro Sula","educ_privada","educ",2,1,"educacion"
"337",216,2017,"Honduras","43020","1","USAP Universidad de San Pedro Sula;Campus TV",2,"Campus TV","tv_abierta_universitaria","mmc",4,3,"educacion"
"338",217,1986,"Colombia","31454","1","RTI Televisión;Producciones Jes",2,"RTI Televisión","tv_productora_privada","mmc",2,3,"tv"
"339",217,1986,"Colombia","31454","1","RTI Televisión;Producciones Jes",2,"Producciones Jes","tv_productora_privada","mmc",2,3,"tv"
"340",218,1986,"Colombia","31468","1","RTI Televisión;Producciones Jes",2,"RTI Televisión","tv_productora_privada","mmc",2,3,"tv"
"341",218,1986,"Colombia","31468","1","RTI Televisión;Producciones Jes",2,"Producciones Jes","tv_productora_privada","mmc",2,3,"tv"
"342",219,1994,"Colombia","34466","1","CM&;QAP",2,"CM&","tv_programa_privado","mmc",2,3,"tv"
"343",219,1994,"Colombia","34466","1","CM&;QAP",2,"QAP","tv_programa_privado","mmc",2,3,"tv"
"344",220,1994,"Colombia","34471","1","EL TIEMPO",1,"EL TIEMPO","grafico_privado","mmc",2,3,"grafico"
"345",221,1998,"Colombia","35953","2","Comisión Nacional de Televisión",1,"Comisión Nacional de Televisión","estado_medios","estado",5,2,"estado"
"346",222,1998,"Colombia","35956","2","Comisión Nacional de Televisión",1,"Comisión Nacional de Televisión","estado_medios","estado",5,2,"estado"
"347",223,2002,"Colombia","37357","1","Caracol",1,"Caracol","tv_abierta_privada","mmc",2,3,"tv"
"348",224,2002,"Colombia","37334","1","EL TIEMPO;RCN;Revista Semana",3,"EL TIEMPO","grafico_privado","mmc",2,3,"grafico"
"349",224,2002,"Colombia","37334","1","EL TIEMPO;RCN;Revista Semana",3,"RCN","tv_abierta_privada","mmc",2,3,"tv"
"350",224,2002,"Colombia","37334","1","EL TIEMPO;RCN;Revista Semana",3,"Revista Semana","grafico_privado","mmc",2,3,"grafico"
"351",225,2006,"Colombia","38852","1","Revista Semana;Vanguardia Liberal;Cámara de Comercio de Bucaramanga;Universidad Autónoma de Bucaramanga",4,"Revista Semana","grafico_privado","mmc",2,3,"grafico"
"352",225,2006,"Colombia","38852","1","Revista Semana;Vanguardia Liberal;Cámara de Comercio de Bucaramanga;Universidad Autónoma de Bucaramanga",4,"Vanguardia Liberal","grafico_privado","mmc",2,3,"grafico"
"353",225,2006,"Colombia","38852","1","Revista Semana;Vanguardia Liberal;Cámara de Comercio de Bucaramanga;Universidad Autónoma de Bucaramanga",4,"Cámara de Comercio de Bucaramanga","asoc_empresaria","osc",1,1,"empresa"
"354",225,2006,"Colombia","38852","1","Revista Semana;Vanguardia Liberal;Cámara de Comercio de Bucaramanga;Universidad Autónoma de Bucaramanga",4,"Universidad Autónoma de Bucaramanga","educ_privada","educ",2,1,"educacion"
"355",226,2006,"Colombia","38854","1","Universidad Sergio Arboleda;País Libre;Revista Semana",3,"Universidad Sergio Arboleda","educ_privada","educ",2,1,"educacion"
"356",226,2006,"Colombia","38854","1","Universidad Sergio Arboleda;País Libre;Revista Semana",3,"País Libre","ong_ddhh","osc",3,1,"osc_ddh"
"357",226,2006,"Colombia","38854","1","Universidad Sergio Arboleda;País Libre;Revista Semana",3,"Revista Semana","grafico_privado","mmc",2,3,"grafico"
"358",227,2006,"Colombia","38813","1","CNN en Español;Caracol",2,"CNN en Español","tv_internacional","mmc",2,3,"internacional"
"359",227,2006,"Colombia","38813","1","CNN en Español;Caracol",2,"Caracol","tv_abierta_privada","mmc",2,3,"tv"
"360",228,2006,"Colombia","38830","1","CityTV",1,"CityTV","tv_abierta_privada","mmc",2,3,"tv"
"361",229,2010,"Colombia","40260","1","RCN;La FM;Revista Semana",3,"RCN","tv_abierta_privada","mmc",2,3,"tv"
"362",229,2010,"Colombia","40260","1","RCN;La FM;Revista Semana",3,"La FM","radio_privada","mmc",2,3,"radios"
"363",229,2010,"Colombia","40260","1","RCN;La FM;Revista Semana",3,"Revista Semana","grafico_privado","mmc",2,3,"grafico"
"364",230,2010,"Colombia","40286","1","Caracol",1,"Caracol","tv_abierta_privada","mmc",2,3,"tv"
"365",231,2010,"Colombia","40295","1","CityTV;EL TIEMPO;W Radio",3,"CityTV","tv_abierta_privada","mmc",2,3,"tv"
"366",231,2010,"Colombia","40295","1","CityTV;EL TIEMPO;W Radio",3,"EL TIEMPO","grafico_privado","mmc",2,3,"grafico"
"367",231,2010,"Colombia","40295","1","CityTV;EL TIEMPO;W Radio",3,"W Radio","radio_privada","mmc",2,3,"radios"
"368",232,2010,"Colombia","40316","1","NTN24 de RCN;La Silla Vacía;MSN",3,"NTN24 de RCN","tv_abierta_privada","mmc",2,3,"tv"
"369",232,2010,"Colombia","40316","1","NTN24 de RCN;La Silla Vacía;MSN",3,"La Silla Vacía","digital_privado","mmc",2,3,"grafico"
"370",232,2010,"Colombia","40316","1","NTN24 de RCN;La Silla Vacía;MSN",3,"MSN","digital_privado","mmc",2,3,"grafico"
"371",233,2010,"Colombia","40323","1","CityTV;EL TIEMPO;W Radio",3,"CityTV","tv_abierta_privada","mmc",2,3,"tv"
"372",233,2010,"Colombia","40323","1","CityTV;EL TIEMPO;W Radio",3,"EL TIEMPO","grafico_privado","mmc",2,3,"grafico"
"373",233,2010,"Colombia","40323","1","CityTV;EL TIEMPO;W Radio",3,"W Radio","radio_privada","mmc",2,3,"radios"
"374",234,2010,"Colombia","40338","2","CityTV;EL TIEMPO;W Radio",3,"CityTV","tv_abierta_privada","mmc",2,3,"tv"
"375",234,2010,"Colombia","40338","2","CityTV;EL TIEMPO;W Radio",3,"EL TIEMPO","grafico_privado","mmc",2,3,"grafico"
"376",234,2010,"Colombia","40338","2","CityTV;EL TIEMPO;W Radio",3,"W Radio","radio_privada","mmc",2,3,"radios"
"377",235,2010,"Colombia","40346","2","RCN",1,"RCN","tv_abierta_privada","mmc",2,3,"tv"
"378",236,2014,"Colombia","41731","1","Universidad Nacional de Colombia",1,"Universidad Nacional de Colombia","educ_publica","educ",4,1,"educacion"
"379",237,2014,"Colombia","41780","1","Universidad Santo Tomás;Canal Capital",2,"Universidad Santo Tomás","educ_iglesia","educ",2,1,"iglesia"
"380",237,2014,"Colombia","41780","1","Universidad Santo Tomás;Canal Capital",2,"Canal Capital","tv_subnacional_publica","mmp",5,3,"medios_publicos"
"381",238,2014,"Colombia","41780","1","Corporación Viva la Ciudadanía;Misión de Observación Electoral  MOE;Señal Institucional",3,"Corporación Viva la Ciudadanía","coordinadora","osc",3,1,"otros_osc"
"382",238,2014,"Colombia","41780","1","Corporación Viva la Ciudadanía;Misión de Observación Electoral  MOE;Señal Institucional",3,"Misión de Observación Electoral  MOE","coordinadora","osc",3,1,"otros_osc"
"383",238,2014,"Colombia","41780","1","Corporación Viva la Ciudadanía;Misión de Observación Electoral  MOE;Señal Institucional",3,"Señal Institucional","tv_publica_abierta","mmp",5,3,"medios_publicos"
"384",239,2014,"Colombia","41738","1","Universidad de los Andes",1,"Universidad de los Andes","educ_privada","educ",2,1,"educacion"
"385",240,2014,"Colombia","41779","1","Cablenoticias",1,"Cablenoticias","tv_pago_privada","mmc",2,3,"tv"
"386",241,2014,"Colombia","41781","1","RCN;La FM;Revista Semana",3,"RCN","tv_abierta_privada","mmc",2,3,"tv"
"387",241,2014,"Colombia","41781","1","RCN;La FM;Revista Semana",3,"La FM","radio_privada","mmc",2,3,"radios"
"388",241,2014,"Colombia","41781","1","RCN;La FM;Revista Semana",3,"Revista Semana","grafico_privado","mmc",2,3,"grafico"
"389",242,2014,"Colombia","41782","1","Caracol",1,"Caracol","tv_abierta_privada","mmc",2,3,"tv"
"390",243,2014,"Colombia","41795","2","Caracol",1,"Caracol","tv_abierta_privada","mmc",2,3,"tv"
"391",244,2014,"Colombia","41799","2","EL TIEMPO;City TV;W Radio",3,"EL TIEMPO","grafico_privado","mmc",2,3,"grafico"
"392",244,2014,"Colombia","41799","2","EL TIEMPO;City TV;W Radio",3,"City TV","tv_abierta_privada","mmc",2,3,"tv"
"393",244,2014,"Colombia","41799","2","EL TIEMPO;City TV;W Radio",3,"W Radio","radio_privada","mmc",2,3,"radios"
"394",245,2014,"Colombia","41800","2","La FM",1,"La FM","radio_privada","mmc",2,3,"radios"
"395",246,2018,"Colombia","43123","1","Foro Nacional Ambiental FNA;Universidad de los Andes;Fescol Fundación Friedrich Ebert Fescol;El Espectador;Caracol",5,"Foro Nacional Ambiental FNA","coordinadora","osc",3,1,"otros_osc"
"396",246,2018,"Colombia","43123","1","Foro Nacional Ambiental FNA;Universidad de los Andes;Fescol Fundación Friedrich Ebert Fescol;El Espectador;Caracol",5,"Universidad de los Andes","educ_privada","educ",2,1,"educacion"
"397",246,2018,"Colombia","43123","1","Foro Nacional Ambiental FNA;Universidad de los Andes;Fescol Fundación Friedrich Ebert Fescol;El Espectador;Caracol",5,"Fescol Fundación Friedrich Ebert Fescol","ong_internacional","osc",3,1,"internacional"
"398",246,2018,"Colombia","43123","1","Foro Nacional Ambiental FNA;Universidad de los Andes;Fescol Fundación Friedrich Ebert Fescol;El Espectador;Caracol",5,"El Espectador","grafico_privado","mmc",2,3,"grafico"
"399",246,2018,"Colombia","43123","1","Foro Nacional Ambiental FNA;Universidad de los Andes;Fescol Fundación Friedrich Ebert Fescol;El Espectador;Caracol",5,"Caracol","tv_abierta_privada","mmc",2,3,"tv"
"400",247,2018,"Colombia","43182","1","Universidad de Columbia, ""Columbia por Colombia""",1,"Universidad de Columbia, ""Columbia por Colombia""","movimiento_estudiantil","osc",3,1,"educacion"
"401",248,2018,"Colombia","43160","1","ANDI Asociación Nacional de Empresarios de Colombia;EL TIEMPO;W Radio",3,"ANDI Asociación Nacional de Empresarios de Colombia","asoc_empresaria","osc",1,1,"empresa"
"402",248,2018,"Colombia","43160","1","ANDI Asociación Nacional de Empresarios de Colombia;EL TIEMPO;W Radio",3,"EL TIEMPO","grafico_privado","mmc",2,3,"grafico"
"403",248,2018,"Colombia","43160","1","ANDI Asociación Nacional de Empresarios de Colombia;EL TIEMPO;W Radio",3,"W Radio","radio_privada","mmc",2,3,"radios"
"404",249,2018,"Colombia","43167","1","Organizaciones feministas",1,"Organizaciones feministas","coordinadora","osc",3,1,"otros_osc"
"405",250,2018,"Colombia","43214","1","Fedesarrollo;diario Portafolio, perteneciente a editorial El Tiempo;Cámara de comercio de Bogotá",3,"Fedesarrollo","thinkthank","osc",3,1,"osc_desarrollo"
"406",250,2018,"Colombia","43214","1","Fedesarrollo;diario Portafolio, perteneciente a editorial El Tiempo;Cámara de comercio de Bogotá",3,"diario Portafolio, perteneciente a editorial El Tiempo","grafico_privado","mmc",2,3,"grafico"
"407",250,2018,"Colombia","43214","1","Fedesarrollo;diario Portafolio, perteneciente a editorial El Tiempo;Cámara de comercio de Bogotá",3,"Cámara de comercio de Bogotá","asoc_empresaria","osc",1,1,"empresa"
"408",251,2018,"Colombia","43243","1","Daniel Samper Ospina, a través de su canal de YouTube HolaSoyDani",1,"Daniel Samper Ospina, a través de su canal de YouTube HolaSoyDani","digital_privado","mmc",2,3,"grafico"
"409",252,2018,"Colombia","43215","1","ANDI Asociación Nacional de Empresarios de Colombia;EL TIEMPO;W Radio",3,"ANDI Asociación Nacional de Empresarios de Colombia","asoc_empresaria","osc",1,1,"empresa"
"410",252,2018,"Colombia","43215","1","ANDI Asociación Nacional de Empresarios de Colombia;EL TIEMPO;W Radio",3,"EL TIEMPO","grafico_privado","mmc",2,3,"grafico"
"411",252,2018,"Colombia","43215","1","ANDI Asociación Nacional de Empresarios de Colombia;EL TIEMPO;W Radio",3,"W Radio","radio_privada","mmc",2,3,"radios"
"412",253,2018,"Colombia","43195","1","Periódico El Heraldo;Universidad del Norte;Cámara de Comercio de Barranquilla;ANDI Asociación Nacional de Empresarios de Colombia;Amcham Colombia;Probarranquilla",6,"Periódico El Heraldo","grafico_privado","mmc",2,3,"grafico"
"413",253,2018,"Colombia","43195","1","Periódico El Heraldo;Universidad del Norte;Cámara de Comercio de Barranquilla;ANDI Asociación Nacional de Empresarios de Colombia;Amcham Colombia;Probarranquilla",6,"Universidad del Norte","educ_privada","educ",2,1,"educacion"
"414",253,2018,"Colombia","43195","1","Periódico El Heraldo;Universidad del Norte;Cámara de Comercio de Barranquilla;ANDI Asociación Nacional de Empresarios de Colombia;Amcham Colombia;Probarranquilla",6,"Cámara de Comercio de Barranquilla","asoc_empresaria","osc",1,1,"empresa"
"415",253,2018,"Colombia","43195","1","Periódico El Heraldo;Universidad del Norte;Cámara de Comercio de Barranquilla;ANDI Asociación Nacional de Empresarios de Colombia;Amcham Colombia;Probarranquilla",6,"ANDI Asociación Nacional de Empresarios de Colombia","asoc_empresaria","osc",1,1,"empresa"
"416",253,2018,"Colombia","43195","1","Periódico El Heraldo;Universidad del Norte;Cámara de Comercio de Barranquilla;ANDI Asociación Nacional de Empresarios de Colombia;Amcham Colombia;Probarranquilla",6,"Amcham Colombia","asoc_empresaria","osc",1,1,"empresa"
"417",253,2018,"Colombia","43195","1","Periódico El Heraldo;Universidad del Norte;Cámara de Comercio de Barranquilla;ANDI Asociación Nacional de Empresarios de Colombia;Amcham Colombia;Probarranquilla",6,"Probarranquilla","asoc_empresaria","osc",1,1,"empresa"
"418",254,2018,"Colombia","43193","1","Revista Semana;Teleantioquia",2,"Revista Semana","grafico_privado","mmc",2,3,"grafico"
"419",254,2018,"Colombia","43193","1","Revista Semana;Teleantioquia",2,"Teleantioquia","tv_subnacional_publica","mmp",5,3,"medios_publicos"
"420",255,2018,"Colombia","43201","1","El País;Telepacífico;Caracol;Red+;Cámara de Comercio de Buenaventura;Sociedad Portuaria de Buenaventura",6,"El País","grafico_privado","mmc",2,3,"grafico"
"421",255,2018,"Colombia","43201","1","El País;Telepacífico;Caracol;Red+;Cámara de Comercio de Buenaventura;Sociedad Portuaria de Buenaventura",6,"Telepacífico","tv_subnacional_publica","mmp",5,3,"medios_publicos"
"422",255,2018,"Colombia","43201","1","El País;Telepacífico;Caracol;Red+;Cámara de Comercio de Buenaventura;Sociedad Portuaria de Buenaventura",6,"Caracol","tv_abierta_privada","mmc",2,3,"tv"
"423",255,2018,"Colombia","43201","1","El País;Telepacífico;Caracol;Red+;Cámara de Comercio de Buenaventura;Sociedad Portuaria de Buenaventura",6,"Red+","tv_pago_privada","mmc",2,3,"tv"
"424",255,2018,"Colombia","43201","1","El País;Telepacífico;Caracol;Red+;Cámara de Comercio de Buenaventura;Sociedad Portuaria de Buenaventura",6,"Cámara de Comercio de Buenaventura","asoc_empresaria","osc",1,1,"empresa"
"425",255,2018,"Colombia","43201","1","El País;Telepacífico;Caracol;Red+;Cámara de Comercio de Buenaventura;Sociedad Portuaria de Buenaventura",6,"Sociedad Portuaria de Buenaventura","empresa","osc",1,1,"empresa"
"426",256,2018,"Colombia","43208","1","La Patria;Caracol;RCN;Cámara de Comercio de Manizales por Caldas;Teatro Los Fundadores;Comité Intergremial de Caldas;Manizales Cómo Vamos;Corporación Cívica por Caldas;Alianza Suma Sistema Universitario de Manizales;Telecafé",10,"La Patria","grafico_privado","mmc",2,3,"grafico"
"427",256,2018,"Colombia","43208","1","La Patria;Caracol;RCN;Cámara de Comercio de Manizales por Caldas;Teatro Los Fundadores;Comité Intergremial de Caldas;Manizales Cómo Vamos;Corporación Cívica por Caldas;Alianza Suma Sistema Universitario de Manizales;Telecafé",10,"Caracol","tv_abierta_privada","mmc",2,3,"tv"
"428",256,2018,"Colombia","43208","1","La Patria;Caracol;RCN;Cámara de Comercio de Manizales por Caldas;Teatro Los Fundadores;Comité Intergremial de Caldas;Manizales Cómo Vamos;Corporación Cívica por Caldas;Alianza Suma Sistema Universitario de Manizales;Telecafé",10,"RCN","tv_abierta_privada","mmc",2,3,"tv"
"429",256,2018,"Colombia","43208","1","La Patria;Caracol;RCN;Cámara de Comercio de Manizales por Caldas;Teatro Los Fundadores;Comité Intergremial de Caldas;Manizales Cómo Vamos;Corporación Cívica por Caldas;Alianza Suma Sistema Universitario de Manizales;Telecafé",10,"Cámara de Comercio de Manizales por Caldas","asoc_empresaria","osc",1,1,"empresa"
"430",256,2018,"Colombia","43208","1","La Patria;Caracol;RCN;Cámara de Comercio de Manizales por Caldas;Teatro Los Fundadores;Comité Intergremial de Caldas;Manizales Cómo Vamos;Corporación Cívica por Caldas;Alianza Suma Sistema Universitario de Manizales;Telecafé",10,"Teatro Los Fundadores","espaciocultural_publico","mmp",5,3,"medios_publicos"
"431",256,2018,"Colombia","43208","1","La Patria;Caracol;RCN;Cámara de Comercio de Manizales por Caldas;Teatro Los Fundadores;Comité Intergremial de Caldas;Manizales Cómo Vamos;Corporación Cívica por Caldas;Alianza Suma Sistema Universitario de Manizales;Telecafé",10,"Comité Intergremial de Caldas","coordinadora","osc",3,1,"otros_osc"
"432",256,2018,"Colombia","43208","1","La Patria;Caracol;RCN;Cámara de Comercio de Manizales por Caldas;Teatro Los Fundadores;Comité Intergremial de Caldas;Manizales Cómo Vamos;Corporación Cívica por Caldas;Alianza Suma Sistema Universitario de Manizales;Telecafé",10,"Manizales Cómo Vamos","coordinadora","osc",3,1,"otros_osc"
"433",256,2018,"Colombia","43208","1","La Patria;Caracol;RCN;Cámara de Comercio de Manizales por Caldas;Teatro Los Fundadores;Comité Intergremial de Caldas;Manizales Cómo Vamos;Corporación Cívica por Caldas;Alianza Suma Sistema Universitario de Manizales;Telecafé",10,"Corporación Cívica por Caldas","ong_democracia","osc",3,1,"osc_desarrollo"
"434",256,2018,"Colombia","43208","1","La Patria;Caracol;RCN;Cámara de Comercio de Manizales por Caldas;Teatro Los Fundadores;Comité Intergremial de Caldas;Manizales Cómo Vamos;Corporación Cívica por Caldas;Alianza Suma Sistema Universitario de Manizales;Telecafé",10,"Alianza Suma Sistema Universitario de Manizales","educ_asoc","educ",3,1,"educacion"
"435",256,2018,"Colombia","43208","1","La Patria;Caracol;RCN;Cámara de Comercio de Manizales por Caldas;Teatro Los Fundadores;Comité Intergremial de Caldas;Manizales Cómo Vamos;Corporación Cívica por Caldas;Alianza Suma Sistema Universitario de Manizales;Telecafé",10,"Telecafé","tv_subnacional_publica","mmp",5,3,"medios_publicos"
"436",257,2018,"Colombia","43228","1","Canal Capital;Consejo de Bogotá;El Espectador;Fescol Fundación Friedrich Ebert;Cuso International;Revista Semana;Pulzo;Kienyke",8,"Canal Capital","tv_subnacional_publica","mmp",5,3,"medios_publicos"
"437",257,2018,"Colombia","43228","1","Canal Capital;Consejo de Bogotá;El Espectador;Fescol Fundación Friedrich Ebert;Cuso International;Revista Semana;Pulzo;Kienyke",8,"Consejo de Bogotá","estado_subnacional","estado",5,1,"estado"
"438",257,2018,"Colombia","43228","1","Canal Capital;Consejo de Bogotá;El Espectador;Fescol Fundación Friedrich Ebert;Cuso International;Revista Semana;Pulzo;Kienyke",8,"El Espectador","grafico_privado","mmc",2,3,"grafico"
"439",257,2018,"Colombia","43228","1","Canal Capital;Consejo de Bogotá;El Espectador;Fescol Fundación Friedrich Ebert;Cuso International;Revista Semana;Pulzo;Kienyke",8,"Fescol Fundación Friedrich Ebert","ong_internacional","osc",3,1,"internacional"
"440",257,2018,"Colombia","43228","1","Canal Capital;Consejo de Bogotá;El Espectador;Fescol Fundación Friedrich Ebert;Cuso International;Revista Semana;Pulzo;Kienyke",8,"Cuso International","ong_internacional","osc",3,1,"internacional"
"441",257,2018,"Colombia","43228","1","Canal Capital;Consejo de Bogotá;El Espectador;Fescol Fundación Friedrich Ebert;Cuso International;Revista Semana;Pulzo;Kienyke",8,"Revista Semana","grafico_privado","mmc",2,3,"grafico"
"442",257,2018,"Colombia","43228","1","Canal Capital;Consejo de Bogotá;El Espectador;Fescol Fundación Friedrich Ebert;Cuso International;Revista Semana;Pulzo;Kienyke",8,"Pulzo","digital_privado","mmc",2,3,"grafico"
"443",257,2018,"Colombia","43228","1","Canal Capital;Consejo de Bogotá;El Espectador;Fescol Fundación Friedrich Ebert;Cuso International;Revista Semana;Pulzo;Kienyke",8,"Kienyke","digital_privado","mmc",2,3,"grafico"
"444",258,2018,"Colombia","43209","1","RCN;Fenalco Federación Nacional de Comerciantes;Instituto Concordia;Instituto de Ciencia Política Hernán Echavarría Olózaga",4,"RCN","tv_abierta_privada","mmc",2,3,"tv"
"445",258,2018,"Colombia","43209","1","RCN;Fenalco Federación Nacional de Comerciantes;Instituto Concordia;Instituto de Ciencia Política Hernán Echavarría Olózaga",4,"Fenalco Federación Nacional de Comerciantes","asoc_empresaria","osc",1,1,"empresa"
"446",258,2018,"Colombia","43209","1","RCN;Fenalco Federación Nacional de Comerciantes;Instituto Concordia;Instituto de Ciencia Política Hernán Echavarría Olózaga",4,"Instituto Concordia","thinkthank","osc",3,1,"osc_desarrollo"
"447",258,2018,"Colombia","43209","1","RCN;Fenalco Federación Nacional de Comerciantes;Instituto Concordia;Instituto de Ciencia Política Hernán Echavarría Olózaga",4,"Instituto de Ciencia Política Hernán Echavarría Olózaga","thinkthank","osc",3,1,"osc_desarrollo"
"448",259,2018,"Colombia","43231","1","El Colombiano;Telemedellín;Red+;Universidad Eafit",4,"El Colombiano","grafico_privado","mmc",2,3,"grafico"
"449",259,2018,"Colombia","43231","1","El Colombiano;Telemedellín;Red+;Universidad Eafit",4,"Telemedellín","tv_subnacional_publica","mmp",5,3,"medios_publicos"
"450",259,2018,"Colombia","43231","1","El Colombiano;Telemedellín;Red+;Universidad Eafit",4,"Red+","tv_pago_privada","mmc",2,3,"tv"
"451",259,2018,"Colombia","43231","1","El Colombiano;Telemedellín;Red+;Universidad Eafit",4,"Universidad Eafit","educ_privada","educ",2,1,"educacion"
"452",260,2018,"Colombia","43244","1","EL TIEMPO;City TV;W Radio",3,"EL TIEMPO","grafico_privado","mmc",2,3,"grafico"
"453",260,2018,"Colombia","43244","1","EL TIEMPO;City TV;W Radio",3,"City TV","tv_abierta_privada","mmc",2,3,"tv"
"454",260,2018,"Colombia","43244","1","EL TIEMPO;City TV;W Radio",3,"W Radio","radio_privada","mmc",2,3,"radios"
"455",261,2018,"Colombia","43245","1","Caracol",1,"Caracol","tv_abierta_privada","mmc",2,3,"tv"
"456",262,1978,"Costa Rica","NA","NA","NA",1,"NA",NA,NA,NA,NA,NA
"457",263,1982,"Costa Rica","NA","NA","NA",1,"NA",NA,NA,NA,NA,NA
"458",264,1986,"Costa Rica","NA","NA","NA",1,"NA",NA,NA,NA,NA,NA
"459",265,1990,"Costa Rica","NA","NA","NA",1,"NA",NA,NA,NA,NA,NA
"460",266,1994,"Costa Rica","NA","NA","NA",1,"NA",NA,NA,NA,NA,NA
"461",267,1998,"Costa Rica","35764","1","UCR Universidad de Costa Rica",1,"UCR Universidad de Costa Rica","educ_publica","educ",4,1,"educacion"
"462",268,1998,"Costa Rica","35823","1","La Nación;Semanario Universidad;El Financiero;Teletica Canal 7;Al Día;NC4;Radio Monumental;Repretel Canal 6",8,"La Nación","grafico_privado","mmc",2,3,"grafico"
"463",268,1998,"Costa Rica","35823","1","La Nación;Semanario Universidad;El Financiero;Teletica Canal 7;Al Día;NC4;Radio Monumental;Repretel Canal 6",8,"Semanario Universidad","grafico_universitario","mmc",4,3,"educacion"
"464",268,1998,"Costa Rica","35823","1","La Nación;Semanario Universidad;El Financiero;Teletica Canal 7;Al Día;NC4;Radio Monumental;Repretel Canal 6",8,"El Financiero","grafico_privado","mmc",2,3,"grafico"
"465",268,1998,"Costa Rica","35823","1","La Nación;Semanario Universidad;El Financiero;Teletica Canal 7;Al Día;NC4;Radio Monumental;Repretel Canal 6",8,"Teletica Canal 7","tv_abierta_privada","mmc",2,3,"tv"
"466",268,1998,"Costa Rica","35823","1","La Nación;Semanario Universidad;El Financiero;Teletica Canal 7;Al Día;NC4;Radio Monumental;Repretel Canal 6",8,"Al Día","grafico_privado","mmc",2,3,"grafico"
"467",268,1998,"Costa Rica","35823","1","La Nación;Semanario Universidad;El Financiero;Teletica Canal 7;Al Día;NC4;Radio Monumental;Repretel Canal 6",8,"NC4","tv_abierta_privada","mmc",2,3,"tv"
"468",268,1998,"Costa Rica","35823","1","La Nación;Semanario Universidad;El Financiero;Teletica Canal 7;Al Día;NC4;Radio Monumental;Repretel Canal 6",8,"Radio Monumental","radio_privada","mmc",2,3,"radios"
"469",268,1998,"Costa Rica","35823","1","La Nación;Semanario Universidad;El Financiero;Teletica Canal 7;Al Día;NC4;Radio Monumental;Repretel Canal 6",8,"Repretel Canal 6","tv_abierta_privada","mmc",2,3,"tv"
"470",269,2002,"Costa Rica","37263","1","Teletica Canal 7",1,"Teletica Canal 7","tv_abierta_privada","mmc",2,3,"tv"
"471",270,2002,"Costa Rica","37215","1","Universidad Latina de Costa Rica",1,"Universidad Latina de Costa Rica","educ_privada","educ",2,1,"educacion"
"472",271,2002,"Costa Rica","37347","2","Teletica Canal 7",1,"Teletica Canal 7","tv_abierta_privada","mmc",2,3,"tv"
"473",272,2002,"Costa Rica","37333","2","Repretel Canal 6",1,"Repretel Canal 6","tv_abierta_privada","mmc",2,3,"tv"
"474",273,2006,"Costa Rica","38629","1","UCR Universidad de Costa Rica",1,"UCR Universidad de Costa Rica","educ_publica","educ",4,1,"educacion"
"475",274,2006,"Costa Rica","38683","1","Repretel Canal 6",1,"Repretel Canal 6","tv_abierta_privada","mmc",2,3,"tv"
"476",275,2018,"Costa Rica","43046","1","JUPEMA Junta de Pensiones y Jubilaciones del Magisterio Nacional",1,"JUPEMA Junta de Pensiones y Jubilaciones del Magisterio Nacional","asoc_sindical","osc",1,1,"profesionales"
"477",276,2010,"Costa Rica","40202","1","Teletica Canal 7",1,"Teletica Canal 7","tv_abierta_privada","mmc",2,3,"tv"
"478",277,2010,"Costa Rica","40204","1","UNA Universidad Nacional de Costa Rica;Extra TV;Colegio de Periodistas",3,"UNA Universidad Nacional de Costa Rica","educ_publica","educ",4,1,"educacion"
"479",277,2010,"Costa Rica","40204","1","UNA Universidad Nacional de Costa Rica;Extra TV;Colegio de Periodistas",3,"Extra TV","tv_abierta_privada","mmc",2,3,"tv"
"480",277,2010,"Costa Rica","40204","1","UNA Universidad Nacional de Costa Rica;Extra TV;Colegio de Periodistas",3,"Colegio de Periodistas","asoc_prof","osc",1,1,"profesionales"
"481",278,2010,"Costa Rica","40078","1","UCR Universidad de Costa Rica",1,"UCR Universidad de Costa Rica","educ_publica","educ",4,1,"educacion"
"482",279,2010,"Costa Rica","40206","1","Repretel Canal 6",1,"Repretel Canal 6","tv_abierta_privada","mmc",2,3,"tv"
"483",280,2014,"Costa Rica","41571","1","UNA Universidad Nacional de Costa Rica",1,"UNA Universidad Nacional de Costa Rica","educ_publica","educ",4,1,"educacion"
"484",281,2014,"Costa Rica","41591","1","CONARE Consejo Nacional de Rectores",1,"CONARE Consejo Nacional de Rectores","educ_asoc_publica","educ",4,1,"educacion"
"485",282,2014,"Costa Rica","41644","1","TSE Tribunal Supremo Electoral IFED (Costa Rica)",1,"TSE Tribunal Supremo Electoral IFED (Costa Rica)","estado_electoral","estado",5,1,"estado"
"486",283,2014,"Costa Rica","41647","1","UACA Universidad Autónoma de Centro América;Transparencia Internacional",2,"UACA Universidad Autónoma de Centro América","educ_privada","educ",2,1,"educacion"
"487",283,2014,"Costa Rica","41647","1","UACA Universidad Autónoma de Centro América;Transparencia Internacional",2,"Transparencia Internacional","ong_internacional","osc",3,1,"internacional"
"488",284,2014,"Costa Rica","41651","1","Multivision Canal 9",1,"Multivision Canal 9","tv_abierta_privada","mmc",2,3,"tv"
"489",285,2014,"Costa Rica","41654","1","Extra TV",1,"Extra TV","tv_abierta_privada","mmc",2,3,"tv"
"490",286,2014,"Costa Rica","41658","1","Teletica Canal 7",1,"Teletica Canal 7","tv_abierta_privada","mmc",2,3,"tv"
"491",287,2014,"Costa Rica","41666","1","Repretel Canal 6",1,"Repretel Canal 6","tv_abierta_privada","mmc",2,3,"tv"
"492",288,2014,"Costa Rica","41885","1","UCR Universidad de Costa Rica",1,"UCR Universidad de Costa Rica","educ_publica","educ",4,1,"educacion"
"493",289,2014,"Costa Rica","41662","1","UCR Universidad de Costa Rica",1,"UCR Universidad de Costa Rica","educ_publica","educ",4,1,"educacion"
"494",290,2018,"Costa Rica","43041","1","UCR Universidad de Costa Rica",1,"UCR Universidad de Costa Rica","educ_publica","educ",4,1,"educacion"
"495",291,2018,"Costa Rica","43041","1","UCR Universidad de Costa Rica",1,"UCR Universidad de Costa Rica","educ_publica","educ",4,1,"educacion"
"496",292,2018,"Costa Rica","43181","2","Repretel Canal 6",1,"Repretel Canal 6","tv_abierta_privada","mmc",2,3,"tv"
"497",293,2018,"Costa Rica","43107","1","TSE Tribunal Supremo Electoral IFED (Costa Rica)",1,"TSE Tribunal Supremo Electoral IFED (Costa Rica)","estado_electoral","estado",5,1,"estado"
"498",294,2018,"Costa Rica","43184","2","TSE Tribunal Supremo Electoral IFED (Costa Rica)",1,"TSE Tribunal Supremo Electoral IFED (Costa Rica)","estado_electoral","estado",5,1,"estado"
"499",295,2018,"Costa Rica","43132","1","Repretel Canal 6",1,"Repretel Canal 6","tv_abierta_privada","mmc",2,3,"tv"
"500",296,2018,"Costa Rica","43186","2","Teletica Canal 7",1,"Teletica Canal 7","tv_abierta_privada","mmc",2,3,"tv"
"501",297,2018,"Costa Rica","43127","1","Canal de Noticias de Amelia Rueda",1,"Canal de Noticias de Amelia Rueda","digital_privado","mmc",2,3,"grafico"
"502",298,2018,"Costa Rica","43130","1","AMPrensa",1,"AMPrensa","digital_privado","mmc",2,3,"grafico"
"503",299,2018,"Costa Rica","43130","1","Teletica Canal 7",1,"Teletica Canal 7","tv_abierta_privada","mmc",2,3,"tv"
"504",300,2018,"Costa Rica","43125","1","Extra TV",1,"Extra TV","tv_abierta_privada","mmc",2,3,"tv"
"505",301,2018,"Costa Rica","43178","2","Extra TV",1,"Extra TV","tv_abierta_privada","mmc",2,3,"tv"
"506",302,2018,"Costa Rica","43026","1","UNA Universidad Nacional de Costa Rica",1,"UNA Universidad Nacional de Costa Rica","educ_publica","educ",4,1,"educacion"
"507",303,2018,"Costa Rica","43033","1","Cámara de Comercio;LA REPÚBLICA;Universidad Latina de Costa Rica",3,"Cámara de Comercio","asoc_empresaria","osc",1,1,"empresa"
"508",303,2018,"Costa Rica","43033","1","Cámara de Comercio;LA REPÚBLICA;Universidad Latina de Costa Rica",3,"LA REPÚBLICA","grafico_privado","mmc",2,3,"grafico"
"509",303,2018,"Costa Rica","43033","1","Cámara de Comercio;LA REPÚBLICA;Universidad Latina de Costa Rica",3,"Universidad Latina de Costa Rica","educ_privada","educ",2,1,"educacion"
"510",304,2018,"Costa Rica","42753","1","SINART",1,"SINART","tv_publica_abierta","mmp",5,3,"medios_publicos"
"511",305,2018,"Costa Rica","43185","2","SINART",1,"SINART","tv_publica_abierta","mmp",5,3,"medios_publicos"
"512",306,2018,"Costa Rica","43129","1","Radio Monumental;Noticias Monumental Canal 2",2,"Radio Monumental","radio_privada","mmc",2,3,"radios"
"513",306,2018,"Costa Rica","43129","1","Radio Monumental;Noticias Monumental Canal 2",2,"Noticias Monumental Canal 2","tv_abierta_privada","mmc",2,3,"tv"
"514",307,2018,"Costa Rica","43180","2","Radio Monumental;Noticias Monumental Canal 2",2,"Radio Monumental","radio_privada","mmc",2,3,"radios"
"515",307,2018,"Costa Rica","43180","2","Radio Monumental;Noticias Monumental Canal 2",2,"Noticias Monumental Canal 2","tv_abierta_privada","mmc",2,3,"tv"
"516",308,2018,"Costa Rica","42936","1","UCCAEP Unión Costarricense de Cámaras",1,"UCCAEP Unión Costarricense de Cámaras","asoc_empresaria","osc",1,1,"empresa"
"517",309,2018,"Costa Rica","43159","2","UCCAEP Unión Costarricense de Cámaras",1,"UCCAEP Unión Costarricense de Cámaras","asoc_empresaria","osc",1,1,"empresa"
"518",310,2018,"Costa Rica","43164","2","Radio Columbia;Colegio Federado de Ingenieros y Arquitectos",2,"Radio Columbia","radio_privada","mmc",2,3,"radios"
"519",310,2018,"Costa Rica","43164","2","Radio Columbia;Colegio Federado de Ingenieros y Arquitectos",2,"Colegio Federado de Ingenieros y Arquitectos","asoc_prof","osc",1,1,"profesionales"
"520",311,2018,"Costa Rica","43165","2","Universidad Latina de Costa Rica;Radio Columbia",2,"Universidad Latina de Costa Rica","educ_privada","educ",2,1,"educacion"
"521",311,2018,"Costa Rica","43165","2","Universidad Latina de Costa Rica;Radio Columbia",2,"Radio Columbia","radio_privada","mmc",2,3,"radios"
"522",312,2018,"Costa Rica","43124","1","Universidad Latina de Costa Rica;Radio Columbia",2,"Universidad Latina de Costa Rica","educ_privada","educ",2,1,"educacion"
"523",312,2018,"Costa Rica","43124","1","Universidad Latina de Costa Rica;Radio Columbia",2,"Radio Columbia","radio_privada","mmc",2,3,"radios"
"524",313,2016,"Republica Dominicana","42478","1","ANJE Asociación Nacional de Jóvenes Empresarios",1,"ANJE Asociación Nacional de Jóvenes Empresarios","asoc_empresaria","osc",1,1,"empresa"
"525",314,1999,"El Salvador","36192","1","Canal 12",1,"Canal 12","tv_abierta_privada","mmc",2,3,"tv"
"526",315,2014,"El Salvador","41651","1","ASDER Asociación Salvadoreña de Radiodifusores",1,"ASDER Asociación Salvadoreña de Radiodifusores","asoc_medios","mmc",3,2,"asociaciones_medios"
"527",316,2019,"El Salvador","43450","1","UES Universidad de El Salvador",1,"UES Universidad de El Salvador","educ_publica","educ",4,1,"educacion"
"528",317,2019,"El Salvador","43478","1","ASDER Asociación Salvadoreña de Radiodifusores",1,"ASDER Asociación Salvadoreña de Radiodifusores","asoc_medios","mmc",3,2,"asociaciones_medios"
