"","cat_pais","ncat_eleccion","cat_regcandidatos","cat_regestado","cat_regmedios","str_regulacion","longstr_regulacion","dico_programas"
"1","Brasil",1989,"POSIBILIDAD","POSIBILIDAD","POSIBILIDAD","LEI Nº 7.508, DE 4 DE JULHO DE 1986.","VII - fica facultada a transmissão, pelo rádio e pela televisão, de debates entre os candidatos registrados pelos partidos políticos e coligações;",NA
"2","Brasil",1994,"GARANTÍAS","FISCALIZAR","LIMITACIONES","LEI No 8.713, DE 30 DE SETEMBRO DE 1993.","(obligación de invitar a todos los partidos)",NA
"3","Brasil",1998,"GARANTÍAS","FISCALIZAR","LIMITACIONES","Ley no. 9.504 / 97","(obligación de invitar a todos partidos con representación)",NA
"4","Brasil",2002,"GARANTÍAS","FISCALIZAR","LIMITACIONES","Ley no. 9.504 / 97","(obligación de invitar a todos partidos con representación)",NA
"5","Brasil",2006,"GARANTÍAS","FISCALIZAR","LIMITACIONES","Ley no. 9.504 / 97","(obligación de invitar a todos partidos con representación)",NA
"6","Brasil",2010,"GARANTÍAS","FISCALIZAR","LIMITACIONES","Ley no. 12.034 / 2009","agrega a ley anterior: (se incluye que los debates serán según reglas establecidas entre las partes y presentadas ante la justicia)",NA
"7","Brasil",2014,"GARANTÍAS","FISCALIZAR","LIMITACIONES","Ley no. 12.034 / 2009","agrega a ley anterior: (se incluye que los debates serán según reglas establecidas entre las partes y presentadas ante la justicia)",NA
"8","Brasil",2018,"GARANTÍAS","FISCALIZAR","LIMITACIONES","LEI Nº 13.165, DE 29 DE SETEMBRO DE 2015. / LEI Nº 13.488, DE 6 DE OUTUBRO DE 2017.","cambia a ley anterior: (obligación de invitar a todos partidos con más de 9 diputados) + (agrega que reglas suscritas entre las partes incluyen las decisiones sobre la cantidad de participantes en el debate) / (obligación de invitar a partidos con más de 5 diputados)",NA
"9","Argentina",1983,"NADA","NADA","NADA","No aplica",NA,NA
"10","Argentina",1989,"NADA","NADA","NADA","No aplica",NA,NA
"11","Argentina",1995,"NADA","NADA","NADA","No aplica",NA,NA
"12","Argentina",1999,"NADA","NADA","NADA","No aplica",NA,NA
"13","Argentina",2003,"NADA","NADA","NADA","No aplica",NA,NA
"14","Argentina",2007,"NADA","NADA","NADA","No aplica",NA,NA
"15","Argentina",2011,"NADA","NADA","NADA","No aplica",NA,NA
"16","Argentina",2015,"NADA","NADA","NADA","No aplica",NA,NA
"17","Argentina",2019,"OBLIGACION","ORGANIZAR","OPORTUNIDAD","LEY 27.337 B.O. 31/5/2019",NA,NA
"18","Chile",1989,"NADA","NADA","NADA","No aplica",NA,NA
"19","Chile",1993,"NADA","NADA","NADA","No aplica",NA,NA
"20","Chile",2000,"NADA","NADA","NADA","No aplica",NA,NA
"21","Chile",2006,"NADA","NADA","NADA","No aplica",NA,NA
"22","Chile",2010,"NADA","NADA","NADA","No aplica",NA,NA
"23","Chile",2013,"NADA","NADA","NADA","No aplica",NA,NA
"24","Chile",2017,"NADA","NADA","NADA","No aplica",NA,NA
"25","Peru",1980,"NADA","NADA","NADA","No aplica",NA,NA
"26","Peru",1985,"NADA","NADA","NADA","No aplica",NA,NA
"27","Peru",1990,"NADA","NADA","NADA","No aplica",NA,NA
"28","Peru",1995,"NADA","NADA","NADA","No aplica",NA,NA
"29","Peru",2000,"NADA","NADA","NADA","No aplica",NA,NA
"30","Peru",2001,"NADA","NADA","NADA","No aplica",NA,NA
"31","Peru",2006,"NADA","NADA","NADA","No aplica",NA,NA
"32","Peru",2011,"NADA","NADA","NADA","No encontramos referencia explícita en normativa (ni leyes, ni resoluciones, ni reglamentaciones)",NA,"PROGRAMAS"
"33","Peru",2016,"NADA","NADA","NADA","No encontramos referencia explícita en normativa (ni leyes, ni resoluciones, ni reglamentaciones)",NA,"PROGRAMAS"
"34","Peru",2021,"NADA","NADA","NADA","No encontramos referencia explícita en normativa (ni leyes, ni resoluciones, ni reglamentaciones)",NA,"PROGRAMAS"
"35","Paraguay",1989,"NADA","NADA","NADA","No aplica",NA,NA
"36","Paraguay",1993,"NADA","NADA","NADA","No aplica",NA,NA
"37","Paraguay",1998,"NADA","NADA","NADA","No aplica",NA,NA
"38","Paraguay",2003,"NADA","NADA","NADA","No aplica",NA,NA
"39","Paraguay",2008,"NADA","NADA","NADA","No aplica",NA,NA
"40","Paraguay",2013,"NADA","NADA","NADA","No aplica",NA,NA
"41","Paraguay",2018,"NADA","NADA","NADA","No aplica",NA,NA
"42","Ecuador",1960,"NADA","NADA","NADA","No aplica",NA,NA
"43","Ecuador",1966,"NADA","NADA","NADA","No aplica",NA,NA
"44","Ecuador",1968,"NADA","NADA","NADA","No aplica",NA,NA
"45","Ecuador",1979,"NADA","NADA","NADA","No aplica",NA,NA
"46","Ecuador",1984,"NADA","NADA","NADA","No aplica",NA,NA
"47","Ecuador",1988,"NADA","NADA","NADA","No aplica",NA,NA
"48","Ecuador",1992,"NADA","NADA","NADA","No aplica",NA,NA
"49","Ecuador",1996,"NADA","NADA","NADA","No aplica",NA,NA
"50","Ecuador",1998,"NADA","NADA","NADA","No aplica",NA,NA
"51","Ecuador",2002,"NADA","NADA","NADA","No aplica",NA,NA
"52","Ecuador",2006,"NADA","NADA","NADA","No aplica",NA,NA
"53","Ecuador",2009,"POSIBILIDAD","POSIBILIDAD","POSIBILIDAD","Constitucion","Art. 115.- El Estado, a través de los medios de comunicación, garantizará
de forma equitativa e igualitaria la promoción electoral que propicie el
debate y la difusión de las propuestas programáticas de todas las
candidaturas. Los sujetos políticos no podrán contratar publicidad en los
medios de comunicación y vallas publicitarias.
Se prohíbe el uso de los recursos y la infraestructura estatales, así como la
publicidad gubernamental, en todos los niveles de gobierno, para la
campaña electoral.
La ley establecerá sanciones para quienes incumplan estas disposiciones y
determinará el límite y los mecanismos de control de la propaganda y el
gasto electoral.",NA
"54","Ecuador",2013,"POSIBILIDAD","POSIBILIDAD","POSIBILIDAD","Constitucion","Art. 115.- El Estado, a través de los medios de comunicación, garantizará
de forma equitativa e igualitaria la promoción electoral que propicie el
debate y la difusión de las propuestas programáticas de todas las
candidaturas. Los sujetos políticos no podrán contratar publicidad en los
medios de comunicación y vallas publicitarias.
Se prohíbe el uso de los recursos y la infraestructura estatales, así como la
publicidad gubernamental, en todos los niveles de gobierno, para la
campaña electoral.
La ley establecerá sanciones para quienes incumplan estas disposiciones y
determinará el límite y los mecanismos de control de la propaganda y el
gasto electoral.",NA
"55","Ecuador",2017,"POSIBILIDAD","POSIBILIDAD","POSIBILIDAD","Constitucion","Art. 115.- El Estado, a través de los medios de comunicación, garantizará
de forma equitativa e igualitaria la promoción electoral que propicie el
debate y la difusión de las propuestas programáticas de todas las
candidaturas. Los sujetos políticos no podrán contratar publicidad en los
medios de comunicación y vallas publicitarias.
Se prohíbe el uso de los recursos y la infraestructura estatales, así como la
publicidad gubernamental, en todos los niveles de gobierno, para la
campaña electoral.
La ley establecerá sanciones para quienes incumplan estas disposiciones y
determinará el límite y los mecanismos de control de la propaganda y el
gasto electoral.",NA
"56","Ecuador",2021,"OBLIGACION","ORGANIZAR","OBLIGACIONES","Código de la Democracia","version 2020. Art. 202.- El Consejo Nacional Electoral en la convocatoria para elecciones directas determinará la fecha de inicio y de culminación de la campaña electoral, que no podrá exceder de cuarenta y cinco días. Durante este período, el Estado, a través del presupuesto del Consejo Nacional Electoral, garantizará de forma equitativa e igualitaria la promoción electoral que propicie el debate y la difusión de las propuestas programáticas de todas las candidaturas. El Consejo Nacional Electoral normará las metodologías y reglas para la promoción electoral así como el gasto en los medios de comunicación, conforme los criterios de mayor difusión y los instrumentos internacionales de derechos humanos El financiamiento comprenderá, de manera exclusiva, la campaña propagandística en prensa escrita, radio, televisión, vallas publicitarias y medios digitales, en forma equitativa e igualitaria durante la campaña electoral. En las provincias con importante población indígena se difundirá la promoción electoral también en idiomas de relación intercultural propios de la jurisdicción. El Consejo Nacional Electoral reglamentará el financiamiento según la realidad de cada localidad y adaptará además la normativa a las condiciones de las circunscripciones especiales del exterior. Para efectos de la presente Ley no se consideran medios digitales a las redes sociales. El presupuesto asignado para la promoción electoral no podrá superar el quince por ciento (15%) del máximo de gasto electoral establecido para la correspondiente dignidad, con excepción del presupuesto para la promoción electoral de los binomios presidenciales que no excederá el doce por ciento (12%) del máximo de gasto electoral calculado para la primera vuelta y el cuarenta por ciento (40%) del máximo de gasto electoral calculado para la segunda vuelta; y, del presupuesto para la promoción electoral de los asambleístas del exterior, el cual no superará el cuarenta y cinco por ciento (45%) del máximo de gasto electoral calculado para esa dignidad. Para el caso de alianzas, éstas recibirán un veinte por ciento (20%) adicional al monto asignado para promoción electoral, por cada organización política participante de la alianza. Este incentivo corresponderá solo cuando las mencionadas alianzas sean entre organizaciones políticas del mismo nivel territorial/electoral, de acuerdo a cada tipo de candidatura. En este sentido, a fin de incentivar las alianzas políticas, en el cómputo del porcentaje de votación obtenido por una alianza, se asignará el mismo porcentaje a todas las organizaciones participantes en la alianza. Para distribución del fondo partidario se actuará según la división de porcentajes acordados en el documento que inscriba la alianza. Nota: Artículo reformado por artículo 82 de Ley No. 0, publicada en Registro Oficial Suplemento 134 de 3 de Febrero del 2020 Art. 202.1.- La campaña para la revocatoria del mandato no tendrá financiamiento público. El gasto electoral que realicen los sujetos políticos tendrá los mismos límites señalados en esta Ley para cada autoridad de elección popular. Los medios de comunicación públicos de la respectiva circunscripción territorial concederán LEY ORGANICA ELECTORAL, CODIGO DE LA DEMOCRACIA - Página 60 LEXIS FINDER - www.lexis.com.ec equitativamente espacios, para que los proponentes y las autoridades a quienes se solicite la revocatoria realicen sus intervenciones. Los medios de comunicación social privados y comunitarios de la respectiva circunscripción territorial, tendrán la obligación de realizar y propiciar debates con los sujetos intervinientes en el proceso de revocatoria para fines informativos. Esto será reglamentado y verificado por el Consejo Nacional Electoral....Art. 202.2.- Son debates electorales las distintas formas de discusión pública en la que los candidatos a una dignidad contrastan sus programas de gobierno y propuestas programáticas, sometiéndose al cuestionamiento de sus rivales, moderadores y ciudadanía, a través de los medios de comunicación y el público presente. En las elecciones presidenciales el Consejo Nacional Electoral realizará un debate obligatorio en primera y segunda vuelta. El debate se realizará tres semanas antes del día señalado para cada elección. En las elecciones de prefectos y alcaldes, la Junta Electoral Regional, Provincial, Distrital y Especial del Exterior dentro de su jurisdicción organizará debates obligatorios en aquellas jurisdicciones que cuenten con más de cien mil (100.000) electores. Los debates se realizarán tres semanas antes del día señalado para las elecciones. Por las características demográficas y territoriales de los regímenes especiales de la Provincia de Galápagos y la Circunscripción Territorial Especial Amazónica, las juntas electorales provinciales promoverán debates al menos en todas las capitales provinciales entre los candidatos a prefecta o prefecto y alcaldesas o alcaldes, según corresponda. En caso de ausencia de las y los candidatos a los debates obligatorios determinados en esta Ley, el espacio físico que le hubiera sido asignado al candidato faltante permanecerá vacío junto al resto de los participantes, a fin de evidenciar su ausencia. La difusión de los debates presidenciales será en directo y serán reproducidos mediante la franja horaria gratuita por todos los medios de comunicación social de radio y televisión. Se garantizará la difusión de los debates en las circunscripciones especiales del exterior. La transmisión deberá contar con mecanismos de accesibilidad tales como lenguaje de señas, subtítulos y los que pudieran implementarse en el futuro. Durante la transmisión del debate presidencial se suspenderá la publicidad electoral en los servicios de comunicación audiovisual y los asuntos públicos de los actos de Gobierno. El Consejo Nacional Electoral dispondrá la grabación del debate que deberá encontrarse disponible en su sitio web de forma accesible. El sector privado, la academia y las organizaciones de la sociedad civil podrán organizar debates de manera complementaria para los diferentes procesos electorales. Los debates obligatorios se realizarán conforme a la metodología y reglamentos establecidos por el Consejo Nacional Electoral, mismos que deberán garantizar independencia, participación de la academia, pluralismo, equidad e igualdad entre los candidatos y candidatas así como el correcto desarrollo de los mismos con los estándares adecuados de respeto y facilitando la exposición de las propuestas. No se permitirá el ingreso al público, ni ninguna alteración del orden o desarrollo del debate. El financiamiento para la organización de los debates se establecerá por el Consejo Nacional Electoral en el plan operativo electoral. Además de los debates obligatorios, el Consejo Nacional Electoral a través de sus organismos desconcentrados promoverá la realización de debates en todos los niveles y para todas las dignidades para cuyo efecto coordinará con la Academia y con organizaciones de la sociedad civil. Nota: Artículo agregado por artículo 84 de Ley No. 0, publicada en Registro Oficial Suplemento 134 de 3 de Febrero del 2020 ..Art. 279.- Las Infracciones electorales muy graves serán sancionadas con multa desde veintiún salarios básicos unificados hasta setenta salarios básicos unificados, destitución y/o suspensión de derechos de participación desde dos hasta cuatro años. Se aplicarán a quienes incurran en las siguientes conductas: 1. Aprehender o detener a una autoridad electoral o a una candidata o candidato, durante los períodos en que, de conformidad con esta ley, no pueden ser privados de la libertad ni procesados penalmente, salvo el caso de delito flagrante, delitos sexuales o violencia de género e intrafamiliar. 2. Incumplir las órdenes legítimas emanadas de los órganos electorales competentes. 3. Desaparecer los documentos electorales o alterarlos. 4. Citar a un servidor público de la Función Electoral para que se presente a la práctica de cualquier diligencia ajena a las elecciones. 5. Los servidores públicos que usen o autoricen el uso de bienes o recursos públicos con fines electorales e incurran en las prohibiciones establecidas en esta Ley en relación a la realización de eventos con artistas internacionales y, publicidad o información no autorizada. 6. Los servidores electorales que divulguen información confidencial o pongan de cualquier modo en peligro el proceso electoral o contencioso electoral. 7. La autoridad o funcionario extraño a la Función Electoral que interfiera en el funcionamiento de la Función Electoral. 8. El presidente y el secretario de las juntas regionales, provinciales, distritales y especial del exterior que no suscriban las actas a que están obligados y que por esta causa pongan en peligro la validez del proceso electoral de su jurisdicción. 9. Las consejeras y consejeros del Consejo Nacional Electoral o vocales de los organismos electorales desconcentrados que por acción u omisión provoquen la nulidad de las votaciones o de los escrutinios. En el caso de las consejeras y consejeros del Consejo Nacional Electoral se aplicará, de manera exclusiva, la sanción pecuniaria. 10. La autoridad electoral que incumpla con el mandato legal de realizar debates entre los candidatos. 11. Los candidatos que no asistan a los debates obligatorios convocados y organizados por el Consejo Nacional Electoral. 12. Incumplir las resoluciones del Consejo Nacional Electoral o las sentencias del Tribunal Contencioso Electoral; 13. Facilitar y promover cambios fraudulentos de domicilio electoral; y, 14. Incurrir en actos de violencia política de género...Art. 282.- Constituyen infracciones por parte de los medios de comunicación social, incluyendo a los de carácter digital y serán sancionados con la suspensión de la publicidad en dicho medio y una multa desde veinticinco salarios básicos unificados hasta doscientos cincuenta y cinco salarios básicos unificados, e inclusive con la suspensión del medio de comunicación hasta por (6) seis meses si reincidiere, en los siguientes casos: 1. La venta de tiempo de transmisión, en cualquier modalidad de programación, a los sujetos políticos, directa o indirectamente, en períodos de elecciones. 2. La difusión de propaganda política o electoral, pagada o gratuita, ordenada por personas distintas al Consejo Nacional Electoral. 3. Incumplir con las disposiciones referentes a propaganda durante la campaña electoral establecidas en esta ley. 4. El incumplimiento, sin causa justificada, de su obligación de transmitir los debates obligatorios establecidos en la Ley, los mensajes y programas de las organizaciones políticas y de las autoridades electorales, dispuestas por el Consejo Nacional Electoral. 5. La manipulación o superposición de la propaganda electoral o los programas de las organizaciones políticas con el fi n de alterar o distorsionar su sentido original o denigrar a las instituciones o personas. 6. Cuando un medio de comunicación social publique resultados de encuestas o pronósticos electorales en los diez días anteriores al día de los comicios, o se refiera a sus datos; y, 7. Difundir mensajes o programación que incluya actos que constituyan violencia política de género. Durante la campaña electoral, en el caso de que mediante espacios informativos, culturales, sociales, de entretenimiento o cualquier título de segmento, en los medios de comunicación social diferentes a la publicidad dispuesta por el Consejo Nacional Electoral, se afectare la honra de un candidato, el medio de comunicación social que emitió el espacio debe permitir inmediatamente la réplica del aludido en la misma proporción de tiempo de duración, pautaje, extensión, sección, según sea el caso, de la emisión inicial. El incumplimiento de esta disposición será sancionada con una multa entre 11 y veinte salarios básicos unificados. Así mismo, en la segunda vuelta electoral, los medios de comunicación social, destinarán igual tiempo y espacio a las dos candidaturas finalistas. De no hacerlo, previo al trámite previsto para el juzgamiento de infracciones, impondrá una multa entre veinticinco y doscientos cincuenta y cinco salarios básicos unificados. Nota: Artículo sustituido por artículo 126 de Ley No. 0, publicada en Registro Oficial Suplemento 134 de 3 de Febrero del 2020 .Art. 312.- Las organizaciones políticas tienen por funciones de obligatorio cumplimiento, las siguientes: 1. Representar a las diferentes posiciones e intereses que se expresan en la sociedad. 2. Seleccionar y nominar candidatos para puestos electivos. 3. Movilizar y promover la participación de la ciudadanía en los asuntos públicos. 4. Ejercer legítima influencia en la conducción del Estado a través de la formulación de políticas y el ejercicio de la oposición. 5. Formar a todas y todos sus miembros para el ejercicio de funciones públicas en cualquier nivel del gobierno. 6. Contribuir en la formación ciudadana y estimular la participación del debate público. 7. Las demás permitidas por la ley...Art 25: Son funciones del consejo nacional electoral (...) 26. Propiciar y organizar debates entre los candidatos de elección popular, de conformidad con esta Ley;",NA
"57","Uruguay",1984,"NADA","NADA","NADA","No aplica",NA,NA
"58","Uruguay",1989,"NADA","NADA","NADA","No aplica",NA,NA
"59","Uruguay",1994,"NADA","NADA","NADA","No aplica",NA,NA
"60","Uruguay",1999,"NADA","NADA","NADA","No aplica",NA,NA
"61","Uruguay",2004,"NADA","NADA","NADA","No aplica",NA,NA
"62","Uruguay",2009,"NADA","NADA","NADA","No aplica",NA,NA
"63","Uruguay",2014,"NADA","NADA","NADA","No aplica",NA,NA
"64","Uruguay",2019,"OBLIGACION","ORGANIZAR","OBLIGACIONES","Ley N° 19827 DECLARACION DE LA OBLIGATORIEDAD DE UN DEBATE ENTRE CANDIDATOS A PRESIDENCIA DE LA REPUBLICA","Obligatorio en el ballotage. Transmisión simultanea establecida mediante resolución administrativa de la Corte Electoral",NA
"65","Nicaragua",1984,"POSIBILIDAD","POSIBILIDAD","POSIBILIDAD","Ley electoral 1413","ch) Los partidos políticos o alianzas podrán usar diariamente el tiempo que les corresponda, o bien sumar la cantidad de tiempo a la semana, tanto en la televisión como en las radioemisoras del Estado, para utilizarlo en forma de documental, exposición personal de los candidatos, reportajes de actividades partidarias y debates políticos. Estos programas deberán ser realizados en Nicaragua y por nicaragüenses;",NA
"66","Nicaragua",1990,"POSIBILIDAD","POSIBILIDAD","POSIBILIDAD","Ley electoral 1414","ch) Los partidos políticos o alianzas podrán usar diariamente el tiempo que les corresponda, o bien sumar la cantidad de tiempo a la semana, tanto en la televisión como en las radioemisoras del Estado, para utilizarlo en forma de documental, exposición personal de los candidatos, reportajes de actividades partidarias y debates políticos. Estos programas deberán ser realizados en Nicaragua y por nicaragüenses;",NA
"67","Nicaragua",1997,"NADA","NADA","NADA","Ley 211 de 1996 (ley electoral)",NA,NA
"68","Nicaragua",2001,"NADA","NADA","NADA","Ley 331 del 2000 (ley electoral)",NA,NA
"69","Nicaragua",2006,"NADA","NADA","NADA","No aplica",NA,NA
"70","Nicaragua",2011,"NADA","NADA","NADA","No aplica",NA,NA
"71","Nicaragua",2016,"NADA","NADA","NADA","No aplica",NA,NA
"72","Panama",1994,"NADA","NADA","NADA","No aplica",NA,NA
"73","Panama",1999,"NADA","NADA","NADA","No aplica",NA,NA
"74","Panama",2004,"POSIBILIDAD","POSIBILIDAD","POSIBILIDAD","Coódigo electoral del 2006 y versiones de 2007 y 2013","Artículo 191.  El Tribunal Electoral reglamentará la utilización de los medios de comunicación social que el gobierno administre, para que los partidos políticos puedan utilizarlos en igualdad de condiciones.

Estos medios podrán utilizarse para difundir propaganda, programas de opinión pública, debates y cualquier evento político.

El Tribunal Electoral podrá utilizar los tiempos en los medios de comunicación del Estado, que no sean utilizados por los partidos.",NA
"75","Panama",2009,"POSIBILIDAD","POSIBILIDAD","POSIBILIDAD","Coódigo electoral del 2006 y versiones de 2007 y 2014","Artículo 191.  El Tribunal Electoral reglamentará la utilización de los medios de comunicación social que el gobierno administre, para que los partidos políticos puedan utilizarlos en igualdad de condiciones.

Estos medios podrán utilizarse para difundir propaganda, programas de opinión pública, debates y cualquier evento político.

El Tribunal Electoral podrá utilizar los tiempos en los medios de comunicación del Estado, que no sean utilizados por los partidos.",NA
"76","Panama",2014,"POSIBILIDAD","POSIBILIDAD","POSIBILIDAD","Coódigo electoral del 2006 y versiones de 2007 y 2015","Artículo 191.  El Tribunal Electoral reglamentará la utilización de los medios de comunicación social que el gobierno administre, para que los partidos políticos puedan utilizarlos en igualdad de condiciones.

Estos medios podrán utilizarse para difundir propaganda, programas de opinión pública, debates y cualquier evento político.

El Tribunal Electoral podrá utilizar los tiempos en los medios de comunicación del Estado, que no sean utilizados por los partidos.",NA
"77","Panama",2019,"GARANTÍAS","ORGANIZAR","OBLIGACIONES","Código electoral de 2017 y su reglamentación en 2019","Artículo 217. El Tribunal Electoral reglamentará la utilización de los medios de comunicación social que el gobierno administre, para que los partidos políticos puedan utilizarlos en igualdad de condiciones. Estos medios podrán utilizarse para difundir propaganda, programas de opinión pública, debates y cualquier evento político. El Tribunal Electoral podrá utilizar los tiempos en los medios de comunicación del Estado, que no sean utilizados por los partidos.Artículo 234. El Tribunal Electoral promoverá y reglamentará la celebración de dos debates televisados entre todos los candidatos presidenciales. El primero se llevará a cabo dentro de los treinta días siguientes al cierre de postulaciones y el segundo, a más tardar quince días antes de la elección, los cuales serán transmitidos en cadena nacional sin costo alguno por parte de los medios. El Tribunal Electoral podrá realizar debates para todos los cargos de elección popular en las distintas circunscripciones electorales. A su vez, los electores de las distintas circunscripciones podrán organizar y promover estos debates, los cuales serán coordinados por el Tribunal Electoral. / No encontramos texto completo del decreto reglamentario, pero nota sugiere:  el decreto 4 del 21 de enero de 2019, que reglamenta el artículo 234 del Código Electoral sobre la celebración de dos debates televisados entre los candidatos presidenciales.Entre otros aspectos, el decreto en mención establece que “es necesario alentar la celebración de los debates en el marco de la normativa aplicable, asegurando el más amplio ejercicio de la libertad de expresión, la equidad en la contienda electoral y el concurso de quienes participan en esta tarea vinculada al proceso electoral, con la finalidad de promover el ejercicio del voto libre, informado y razonado de los ciudadanos”.Este primer debate se desarrolló dentro de los treinta días siguientes al cierre de postulaciones. Mientras que el segundo, se efectuará a más tardar quince días antes de la elección. La fecha establecida para este segundo y último debate reglamentado por el ente electoral, es el 10 de abril y su organización estará bajo la responsabilidad de la Cámara de Comercio e Industrias y Agricultura. Ambos debates públicos entre candidatos presidenciales, tal y como lo señala el decreto 4, tendrán como objetivos: Contribuir al desarrollo de la vida democrática; ofrecer a todos los candidatos presidenciales, al margen de lo que arrojen las encuestas de opinión, la oportunidad de difundir sus propuestas, ideologías, alternativas de políticas públicas y planes de gobierno. También, buscan contribuir con la promoción del voto y coadyuvar a la difusión de la educación cívica y la cultura política, particularmente la tolerancia y respeto a las ideas de los adversarios.",NA
"78","Venezuela",1958,"NADA","NADA","NADA","No aplica",NA,NA
"79","Venezuela",1963,"NADA","NADA","NADA","No aplica",NA,NA
"80","Venezuela",1968,"NADA","NADA","NADA","No aplica",NA,NA
"81","Venezuela",1973,"NADA","NADA","NADA","No aplica",NA,NA
"82","Venezuela",1978,"NADA","NADA","NADA","No aplica",NA,NA
"83","Venezuela",1983,"NADA","NADA","NADA","No aplica",NA,NA
"84","Venezuela",1988,"NADA","NADA","NADA","No aplica",NA,NA
"85","Venezuela",1993,"NADA","NADA","NADA","No aplica",NA,NA
"86","Venezuela",1998,"NADA","NADA","NADA","No aplica","(chequeado por lo menos desde este año)",NA
"87","Venezuela",2000,"NADA","NADA","NADA","No aplica",NA,NA
"88","Venezuela",2006,"NADA","NADA","NADA","No aplica",NA,NA
"89","Venezuela",2012,"NADA","NADA","NADA","No aplica",NA,NA
"90","Venezuela",2013,"NADA","NADA","NADA","No aplica",NA,NA
"91","Venezuela",2018,"NADA","NADA","NADA","No aplica",NA,NA
"92","Bolivia",1978,"NADA","NADA","NADA","No aplica",NA,NA
"93","Bolivia",1979,"NADA","NADA","NADA","No aplica",NA,NA
"94","Bolivia",1980,"NADA","NADA","NADA","No aplica",NA,NA
"95","Bolivia",1985,"NADA","NADA","NADA","No aplica",NA,NA
"96","Bolivia",1989,"NADA","NADA","NADA","No aplica",NA,NA
"97","Bolivia",1993,"NADA","NADA","NADA","No aplica",NA,NA
"98","Bolivia",1997,"NADA","NADA","NADA","No aplica",NA,NA
"99","Bolivia",2002,"NADA","NADA","NADA","No aplica",NA,NA
"100","Bolivia",2005,"NADA","NADA","NADA","No aplica",NA,NA
"101","Bolivia",2009,"NADA","NADA","NADA","No aplica",NA,NA
"102","Bolivia",2014,"NADA","NADA","NADA","No aplica",NA,NA
"103","Bolivia",2019,"POSIBILIDAD","POSIBILIDAD","POSIBILIDAD","Ley No. 1096. Ley de de Organizaciones Políticas de 2018","Varios proyectos no aprobados para discutir obligatoriedad. La ley reconoce en su art. 32 el derecho de las organizaciones políticas a participar en debates.",NA
"104","Bolivia",2020,"POSIBILIDAD","POSIBILIDAD","POSIBILIDAD","Ley No. 1096. Ley de de Organizaciones Políticas de 2019","Varios proyectos no aprobados para discutir obligatoriedad. La ley reconoce en su art. 32 el derecho de las organizaciones políticas a participar en debates.",NA
"105","Mexico",1982,"NADA","NADA","NADA","No aplica",NA,NA
"106","Mexico",1988,"NADA","NADA","NADA","No aplica",NA,NA
"107","Mexico",1994,"POSIBILIDAD","NADA","NADA","No aplica",NA,NA
"108","Mexico",2000,"GARANTÍAS","GARANTIZAR","NADA","Art. 190 COPIFE","Fue hasta 1996 cuando el Cofipe fue modificado a efectos de
incluir los debates políticos, y se le adicionó el artículo 190, incluido
en el capítulo relativo a las campañas electorales, con un párrafo
6 que disponía: “El Instituto, a petición de los partidos políticos y
candidatos presidenciales que así lo decidan, organizará debates
públicos y apoyará su difusión” (dof 1996b).",NA
"109","Mexico",2006,"GARANTÍAS","GARANTIZAR","NADA","Art. 190 COPIFE",NA,NA
"110","Mexico",2012,"GARANTÍAS","ORGANIZAR","LIMITACIONES","ART.70 COPIFE","Por lo que respecta a la regulación de los debates entre candidatos, ésta proviene de la reforma electoral de 2007-2008, que incluyó dichos encuentros en el artículo 70 del Cofipe en los siguientes términos: Artículo 70. 1. Con motivo de las campañas para Presidente de los Estados Unidos Mexicanos, el Instituto coordinará la realización de dos debates entre los candidatos registrados a dicho cargo, conforme a lo que determine el Consejo General. 2. Los debates serán realizados en el día y hora que determine el Consejo General, escuchando previamente la opinión de los partidos políticos. En todo caso, el primer debate tendrá lugar en la primera semana de mayo, y el segundo a más tardar en la segunda semana de junio del año de la elección; cada debate tendrá la duración que acuerde el Consejo General. 3. Los debates serán transmitidos, en vivo por las estaciones de radio y canales de televisión de permisionarios públicos,incluyendo las de señal restringida. El Instituto dispondrá lo necesario para la producción técnica y difusión de los debates. Las señales de radio y televisión que el Instituto genere para este fin podrán ser utilizadas, en vivo, en forma gratuita, por los demás concesionarios y permisionarios de radio y televisión. El Instituto realizará las gestiones necesarias a fin de propiciar la transmisión de los debates en el mayor número posible de estaciones y canales. 4. Las estaciones y canales que decidan transmitir, en vivo, los debates a que se refiere el presente artículo, quedan autorizadas a suspender, durante el tiempo correspondiente, la transmisión de los mensajes que correspondan a los partidos políticos y a las autoridades electorales. 5. Las reglas para los debates serán determinados por el Consejo General, escuchando previamente las propuestas de los partidos políticos. 6. El Instituto informará, en el tiempo de radio y televisión que para sus fines tiene asignado, la realización de los debates a que se refiere el presente artículo (dof 2008).§ En este caso a los medios corresponderían : LIMITACIONES;OBLIGACIONES;OPORTUNIDAD. Dejamos ""limitaciones"" por tratarse de una categoría intermedia, y la que aplica a todos los casos (a todos los medios). El resto, tiene una parte obligaciones, la otra oportunidades.","PROGRAMAS"
"111","Mexico",2018,"GARANTÍAS","ORGANIZAR","LIMITACIONES","ART.218 LEY GENERAL DE INSTITUCIONES Y PROCEDIMIENTOS ELECTORALES","Por lo que respecta a la regulación de los debates entre candidatos, ésta proviene de la reforma electoral de 2007-2008, que incluyó dichos encuentros en el artículo 70 del Cofipe en los siguientes términos: Artículo 70. 1. Con motivo de las campañas para Presidente de los Estados Unidos Mexicanos, el Instituto coordinará la realización de dos debates entre los candidatos registrados a dicho cargo, conforme a lo que determine el Consejo General. 2. Los debates serán realizados en el día y hora que determine el Consejo General, escuchando previamente la opinión de los partidos políticos. En todo caso, el primer debate tendrá lugar en la primera semana de mayo, y el segundo a más tardar en la segunda semana de junio del año de la elección; cada debate tendrá la duración que acuerde el Consejo General. 3. Los debates serán transmitidos, en vivo por las estaciones de radio y canales de televisión de permisionarios públicos,incluyendo las de señal restringida. El Instituto dispondrá lo necesario para la producción técnica y difusión de los debates. Las señales de radio y televisión que el Instituto genere para este fin podrán ser utilizadas, en vivo, en forma gratuita, por los demás concesionarios y permisionarios de radio y televisión. El Instituto realizará las gestiones necesarias a fin de propiciar la transmisión de los debates en el mayor número posible de estaciones y canales. 4. Las estaciones y canales que decidan transmitir, en vivo, los debates a que se refiere el presente artículo, quedan autorizadas a suspender, durante el tiempo correspondiente, la transmisión de los mensajes que correspondan a los partidos políticos y a las autoridades electorales. 5. Las reglas para los debates serán determinados por el Consejo General, escuchando previamente las propuestas de los partidos políticos. 6. El Instituto informará, en el tiempo de radio y televisión que para sus fines tiene asignado, la realización de los debates a que se refiere el presente artículo (dof 2008).§ En este caso a los medios corresponderían : LIMITACIONES;OBLIGACIONES;OPORTUNIDAD. Dejamos ""limitaciones"" por tratarse de una categoría intermedia, y la que aplica a todos los casos (a todos los medios). El resto, tiene una parte obligaciones, la otra oportunidades.","PROGRAMAS"
"112","Guatemala",1966,"NADA","NADA","NADA","No aplica",NA,NA
"113","Guatemala",1970,"NADA","NADA","NADA","No aplica",NA,NA
"114","Guatemala",1974,"NADA","NADA","NADA","No aplica",NA,NA
"115","Guatemala",1978,"NADA","NADA","NADA","No aplica",NA,NA
"116","Guatemala",1982,"NADA","NADA","NADA","No aplica",NA,NA
"117","Guatemala",1985,"NADA","NADA","NADA","No aplica",NA,NA
"118","Guatemala",1991,"NADA","NADA","NADA","No aplica",NA,NA
"119","Guatemala",1995,"NADA","NADA","NADA","No aplica",NA,NA
"120","Guatemala",1999,"NADA","NADA","NADA","No aplica",NA,NA
"121","Guatemala",2003,"NADA","NADA","NADA","No aplica",NA,NA
"122","Guatemala",2007,"NADA","NADA","NADA","No aplica",NA,NA
"123","Guatemala",2011,"NADA","NADA","NADA","No aplica",NA,NA
"124","Guatemala",2015,"NADA","NADA","NADA","No aplica",NA,NA
"125","Guatemala",2019,"NADA","NADA","NADA","No aplica","regulacion 99 revocadacon regulacion 115 de TSE unos dias despues",NA
"126","Honduras",1981,"NADA","NADA","NADA","No aplica",NA,NA
"127","Honduras",1985,"NADA","NADA","NADA","No aplica",NA,NA
"128","Honduras",1989,"NADA","NADA","NADA","No aplica",NA,NA
"129","Honduras",1993,"NADA","NADA","NADA","No aplica",NA,NA
"130","Honduras",1997,"NADA","NADA","NADA","No aplica",NA,NA
"131","Honduras",2001,"NADA","NADA","NADA","No aplica",NA,NA
"132","Honduras",2005,"NADA","NADA","NADA","No aplica",NA,NA
"133","Honduras",2009,"NADA","NADA","NADA","No aplica",NA,NA
"134","Honduras",2013,"NADA","NADA","NADA","No aplica",NA,NA
"135","Honduras",2017,"NADA","NADA","NADA","No aplica",NA,NA
"136","Colombia",1974,"NADA","NADA","NADA","No aplica",NA,NA
"137","Colombia",1978,"NADA","NADA","NADA","No aplica",NA,NA
"138","Colombia",1982,"NADA","NADA","NADA","No aplica",NA,NA
"139","Colombia",1986,"NADA","NADA","NADA","No aplica",NA,NA
"140","Colombia",1990,"NADA","NADA","NADA","No aplica",NA,NA
"141","Colombia",1994,"GARANTÍAS","GARANTIZAR","NADA","Art 25 Ley 130 de 1994","Garantiza debates en segunda vuelta. Sancionada en marzo de 1994 , antes de los comicios",NA
"142","Colombia",1998,"GARANTÍAS","GARANTIZAR","NADA","Art 25 Ley 130 de 1995","Garantiza debates en segunda vuelta. Sancionada en marzo de 1994 , antes de los comicios",NA
"143","Colombia",2002,"GARANTÍAS","GARANTIZAR","NADA","Art 25 Ley 130 de 1996","Garantiza debates en segunda vuelta. Sancionada en marzo de 1994 , antes de los comicios",NA
"144","Colombia",2006,"GARANTÍAS","GARANTIZAR","NADA","996-2005","Además de los programas de televisión del Canal Institucional previstos en la ley, durante la campaña presidencial los partidos o movimientos políticos con personería jurídica, los movimientos sociales y grupos significativos de ciudadanos que inscriban candidato a la Presidencia de la República, tendrán derecho a: 1. Realizar tres (3) debates de hasta sesenta (60) minutos cada uno, por parte y a petición conjunta de todos los candidatos presidenciales o de algunos de ellos, con las reglas y sobre los temas Ley 996 de 2005 Ley de garantías electorales 15/26 que ellos señalen en la petición durante el período de campaña presidencia",NA
"145","Colombia",2010,"GARANTÍAS","GARANTIZAR","NADA","996-2005 ; 1475 2011","regula acceso a medios para partidos. Garantiza igualdad de género. 4. Equidad e igualdad de género. En virtud del principio de equidad e igualdad de género, los hombres, las mujeres y las demás opciones sexuales gozarán de igualdad real de derechos y oportunidades para participar en las actividades políticas, dirigir las organizaciones partidistas, acceder a los debates electorales y obtener representación política",NA
"146","Colombia",2014,"GARANTÍAS","GARANTIZAR","NADA","996-2005 ; 1475 2012",NA,NA
"147","Colombia",2018,"GARANTÍAS","GARANTIZAR","NADA","996-2005 ; 1475 2013",NA,NA
"148","Costa Rica",1962,"NADA","NADA","NADA","No aplica",NA,NA
"149","Costa Rica",1966,"NADA","NADA","NADA","No aplica",NA,NA
"150","Costa Rica",1970,"NADA","NADA","NADA","No aplica",NA,NA
"151","Costa Rica",1974,"NADA","NADA","NADA","No aplica",NA,NA
"152","Costa Rica",1978,"NADA","NADA","NADA","No aplica",NA,NA
"153","Costa Rica",1982,"NADA","NADA","NADA","No aplica",NA,NA
"154","Costa Rica",1986,"NADA","NADA","NADA","No aplica",NA,NA
"155","Costa Rica",1990,"NADA","NADA","NADA","No aplica",NA,NA
"156","Costa Rica",1994,"NADA","NADA","NADA","No aplica",NA,NA
"157","Costa Rica",1998,"GARANTÍAS","FISCALIZAR","LIMITACIONES","429-98","Gonzáles Mora, 2015 Durante mediados de los noventa y buena parte de la siguiente década, la jurisprudencia constitucional y electoral se inclinó por obligar a las televisoras nacionales a invitar a todos los candidatos presidenciales, en caso de que se estuviese organizando un debate. Un primer caso se dio con el voto 429-98 de la Sala Constitucional, el cual analizó un recurso de amparo presentado por Vladimir De la Cruz contra varios medios nacionales por anunciar debates con sólo los candidatos de los partidos Liberación Nacional y Unidad Social Cristiana. Los magistrados de la Sala atendieron el reclamo del recurrente y lo declararon con lugar. Sostuvieron que el ciudadano tiene derecho a educarse políticamente y que esto no sería posible con sólo escuchar a un par de candidatos. El voto 429-98 agregó que: …no es un criterio para escoger los asistentes a un debate, el resultado de las encuestas, como lo afirman los directores de los medios recurridos, porque en las condiciones actuales –y esta es información que los mismos medios se han encargado de difundir- un generoso grupo de costarricenses han declarado que no tienen ninguna preferencia de voto o que están indecisos, que se abstendrán de votar, o bien que votarán nulo, y este grupo alcanza un importantísimo número de ciudadanos, que existe la clara posibilidad de ser inducido por cualquiera de los trece partidos inscritos a escala nacional. Si bien el voto de la Sala Constitucional no obligaba a la realización de un debate con todos los candidatos, sí quedó claro que no podía hacerse uno con sólo una parte de ellos. Resulta interesante que, en esa oportunidad, el magistrado Gilbert Armijo consideró que la Sala Constitucional era incompetente para conocer el recurso, pues la correcta interpretación de los artículos 99 y 102 de la Constitución Política le asigna la tarea al TSE.",NA
"158","Costa Rica",2002,"GARANTÍAS","FISCALIZAR","LIMITACIONES","2759-E-2001","Gonzáles Mora, 2015  Este tema volvió a ser motivo de análisis cuando un nuevo caso fue sometido a conocimiento del Tribunal Supremo de Elecciones (TSE). El 26 de diciembre de 2001, el Tribunal, por mayoría, consideró que los medios, públicos o privados, debían de invitar a todos los aspirantes. En aquella oportunidad, según se extrae del voto 2759-E-2001, se desarrollaron varios criterios para realizar debates. Puntualmente: Planteó que la igualdad que reclaman los recurrentes en este tipo de casos no es la común, la general e inherente a cualquier persona, sino una calificada y transitoria, derivada de estar como aspirante presidencial. Agregó que la libertad de ser informada es un derecho fundamental de toda persona y no se puede coartar ni dirigir, porque esa libertad es imprescindible para la vigencia del sistema democrático. Puntualizó que la obligación que tienen las institucionales públicas y los medios de información privados de invitar a todos los aspirantes a los foros que organizan no constituye un acto de censura ni violación a su derecho a informar, por cuanto ese derecho no es irrestricto y está limitado por valores superiores.Señaló que no puede hablarse de democracia ni de libertad de información si durante el proceso electoral los medios intervienen restringiendo de manera discrecional la información que llega a los votantes. Añadió que invitar a un grupo y no a todos los aspirantes podría terminar induciendo a los votantes en detrimento de su derecho a conocer más elementos y tomar decisiones que considera mejores. Al respecto en ese mismo voto se señaló: Es evidente que los debates con candidatos preseleccionados e invitados por los medios son mecanismos que indirectamente dirigen o tratan de orientar la opinión de los electores hacia las ofertas políticas representadas por esos candidatos, con perjuicio de los excluidos, lo que resulta inaceptable en una democracia que por definición demanda, para su subsistencia, contar con una opinión pública libre e informada, con información completa y no parcializada. La preselección, llevada al extremo, podría calificarse como “inducción” de la opinión electoral, en detrimento de la libertad de información a que tienen derecho los electores y por ende con grave limitación y daño para el cabal ejercicio de la democracia misma.
Es importante señalar que dos de los cinco magistrados tomaron una posición distinta y consideraron que los medios privados no pueden ser obligados a invitar a todos los aspirantes porque rige para ellos el principio general de libertad. Esa tesitura fue la que, años después, imperaría para cambiar la jurisprudencia.En esa oportunidad, los representantes de los medios aludidos acudieron a la Sala Constitucional para que declarara incompetente al TSE para analizar y resolver este tema. En su respuesta, la Sala consideró que dicho Tribunal sí tenía, por facultad constitucionalmente otorgada, la potestad de estudiar el caso, a la luz de los artículos 99 y 102 de la Constitución Política.",NA
"159","Costa Rica",2006,"GARANTÍAS","FISCALIZAR","LIMITACIONES","2759-E-2001","Gonzáles Mora, 2015  Este tema volvió a ser motivo de análisis cuando un nuevo caso fue sometido a conocimiento del Tribunal Supremo de Elecciones (TSE). El 26 de diciembre de 2001, el Tribunal, por mayoría, consideró que los medios, públicos o privados, debían de invitar a todos los aspirantes. En aquella oportunidad, según se extrae del voto 2759-E-2001, se desarrollaron varios criterios para realizar debates. Puntualmente: Planteó que la igualdad que reclaman los recurrentes en este tipo de casos no es la común, la general e inherente a cualquier persona, sino una calificada y transitoria, derivada de estar como aspirante presidencial. Agregó que la libertad de ser informada es un derecho fundamental de toda persona y no se puede coartar ni dirigir, porque esa libertad es imprescindible para la vigencia del sistema democrático. Puntualizó que la obligación que tienen las institucionales públicas y los medios de información privados de invitar a todos los aspirantes a los foros que organizan no constituye un acto de censura ni violación a su derecho a informar, por cuanto ese derecho no es irrestricto y está limitado por valores superiores.Señaló que no puede hablarse de democracia ni de libertad de información si durante el proceso electoral los medios intervienen restringiendo de manera discrecional la información que llega a los votantes. Añadió que invitar a un grupo y no a todos los aspirantes podría terminar induciendo a los votantes en detrimento de su derecho a conocer más elementos y tomar decisiones que considera mejores. Al respecto en ese mismo voto se señaló: Es evidente que los debates con candidatos preseleccionados e invitados por los medios son mecanismos que indirectamente dirigen o tratan de orientar la opinión de los electores hacia las ofertas políticas representadas por esos candidatos, con perjuicio de los excluidos, lo que resulta inaceptable en una democracia que por definición demanda, para su subsistencia, contar con una opinión pública libre e informada, con información completa y no parcializada. La preselección, llevada al extremo, podría calificarse como “inducción” de la opinión electoral, en detrimento de la libertad de información a que tienen derecho los electores y por ende con grave limitación y daño para el cabal ejercicio de la democracia misma.
Es importante señalar que dos de los cinco magistrados tomaron una posición distinta y consideraron que los medios privados no pueden ser obligados a invitar a todos los aspirantes porque rige para ellos el principio general de libertad. Esa tesitura fue la que, años después, imperaría para cambiar la jurisprudencia.En esa oportunidad, los representantes de los medios aludidos acudieron a la Sala Constitucional para que declarara incompetente al TSE para analizar y resolver este tema. En su respuesta, la Sala consideró que dicho Tribunal sí tenía, por facultad constitucionalmente otorgada, la potestad de estudiar el caso, a la luz de los artículos 99 y 102 de la Constitución Política.",NA
"160","Costa Rica",2010,"GARANTÍAS","FISCALIZAR","LIMITACIONES","4099-E8-2009. promulgación del Código Electoral publicado en el alcance de la Gaceta número 171 del 2 de setiembre de 2009","Gonzáles Mora, 2015   En el año 2009, nuevamente el TSE debió analizar el tema en cuestión cuando el jefe de prensa de Radio Fides realiza una consulta. En ese momento se da un giro total a la forma en cómo este tribunal constitucional especializado abarcó el tema, y concluyó que los medios de comunicación privados no están obligados a invitar a todos los candidatos, siempre y cuando esa decisión de excluir a algunos no tenga como base criterios arbitrarios (resolución 4099-E8-2009). Puntualmente, el TSE acoge el voto salvado de los magistrados Sobrado González y Castro Dobles de la resolución 2759-E-2001: … no estimamos que los medios de comunicación colectiva no estatales estén jurídicamente compelidos a ello, por tratarse de sujetos privados. En relación con estos, rige el principio general de libertad que consagra el artículo 28 constitucional, a cuyo tenor todo lo que no está prohibido se considera permitido y sólo en virtud de norma legal expresa pueden imponerse limitaciones al libre albedrío de los particulares —principio de reserva de ley—considerándose fuera del alcance de la ley aquellas actuaciones que no lesionen la moral, el orden público o los derechos de terceros. La ausencia de una norma legal que imponga a los medios de comunicación colectiva ese supuesto deber de dar espacio igual a todos los candidatos, impide que el organismo electoral, con sus actuaciones jurisdiccionales, lo haga. El TSE consideró que en el caso de las instituciones públicas sí es imperante el darles un trato igualitario a todos, fundamentalmente a partir del principio de igualdad que debe caracterizar el accionar de la Administración Pública. (Artículo 4, Ley General de Administración Pública). El voto analizó también que es una realidad que los partidos políticos no tienen un protagonismo igualitario en los medios de comunicación colectiva, principalmente por la limitación de recursos económicos para algunas agrupaciones; sin embargo, agregó que esto no justifica la obligatoriedad de llevar a todos los aspirantes a cada foro, sino que habría que pensar en otras soluciones. …la eventual insuficiencia de la prensa privada en la adecuada difusión de las ofertas electorales, no debe resolverse por la vía de la intervención impositiva o censuradora del Estado, sino a través de la acción complementaria de los medios de comunicación públicos, en aras de satisfacer con mayor plenitud el derecho a la información de la ciudadanía. En nuestro país, ello no sólo es una posibilidad sino un deber para el SINART, y sus esfuerzos en esta dirección deben ser apoyados por el Tribunal, en orden a potenciar un diálogo y competencia política más leales. Tales argumentaciones ya habían sido externadas en el voto de minoría en la sentencia 2759-E del año 2001. Sin embargo, hubo un elemento en especial que fue analizado por el TSE y que resulta de particular interés para este ensayo. Dicho elemento fue el impacto que tuvo la obligatoriedad impuesta inicialmente por los votos anteriores. En lo que resulta un profundo análisis teleológico, el Tribunal detectó, acertadamente, que los medios privados se habían inclinado por la no realización de debates durante varios años posteriores a las primeras sentencias. El TSE valoró que este comportamiento significó un retroceso en la búsqueda de una educación política para los votantes. En otras palabras, en lugar de fomentar foros, el resultado había sido completamente opuesto y con ello había menos información para el ciudadano. Con esto se afectaba negativamente el fin último defendido en los votos iniciales. …la realización de este tipo de actividades, lo que ha supuesto un efecto paradójico en perjuicio del elector y de su derecho a sufragar contando con suficiente información, pues han disminuido sus posibilidades para acceder a foros de discusión política que le permitan conocer a fondo a los contendientes y su oferta política, así como confrontar los planes de gobierno de los partidos participantes en el proceso electoral.En ese voto, el TSE consideró además que obligar a los medios a inclinarse por un formato con todos los aspirantes resulta desproporcional. Nótese que estas medidas constituyen una carga excesiva e irrazonable para los medios de comunicación privados, porque para cumplir con la invitación de todos los candidatos presidenciales en los debates que organicen se ven obligados a formatos incompatibles con la naturaleza de su actividad....¿Existe acaso otra razón, además del voto del TSE, para explicar este aumento en la cantidad de debates televisados? Sólo otro hecho relevante en el tema ocurrió en ese período. Se trató de la promulgación del Código Electoral publicado en el alcance de la Gaceta número 171 del 2 de setiembre de 2009. Sin embargo, más que una razón adicional y diferente, se trata de un hecho que complementa la decisión del Tribunal Especializado en materia electoral. De manera específica en el tema de los debates, dicho código establece que el TSE debe de “garantizar de manera efectiva el acceso de todos los partidos políticos participantes en un proceso electoral, en los debates políticos electorales que organiza, una vez hecha la convocatoria por parte de este Tribuna”l. (Artículo 12 inciso q, Código Electoral). Como se entiende claramente, no se trata de una norma que se aplique a los medios de comunicación privados, sino que refuerza la obligatoriedad para la Administración Pública. El artículo en cuestión se refiere, a partir de una interpretación literal, a los debates organizados por el TSE o por instituciones públicas, no así a los debates realizados por medios privados. De hecho, así fue considerado por el mismo TSE en el voto del 2009.",NA
"161","Costa Rica",2014,"GARANTÍAS","ORGANIZAR","LIMITACIONES","4099-E8-2009. promulgación del Código Electoral publicado en el alcance de la Gaceta número 171 del 2 de setiembre de 2009","El código electoral sancionado en 2009 sólo es aplicable a partir de este año.","PROGRAMAS"
"162","Costa Rica",2018,"GARANTÍAS","ORGANIZAR","LIMITACIONES","4099-E8-2009. promulgación del Código Electoral publicado en el alcance de la Gaceta número 171 del 2 de setiembre de 2009","El código electoral sancionado en 2009 sólo es aplicable a partir de este año.","PROGRAMAS"
"163","Republica Dominicana",1978,"NADA","NADA","NADA","No aplica",NA,NA
"164","Republica Dominicana",1982,"NADA","NADA","NADA","No aplica",NA,NA
"165","Republica Dominicana",1986,"NADA","NADA","NADA","No aplica",NA,NA
"166","Republica Dominicana",1990,"NADA","NADA","NADA","No aplica",NA,NA
"167","Republica Dominicana",1994,"NADA","NADA","NADA","No aplica",NA,NA
"168","Republica Dominicana",1996,"NADA","NADA","NADA","No aplica",NA,NA
"169","Republica Dominicana",2000,"NADA","NADA","NADA","No aplica",NA,NA
"170","Republica Dominicana",2004,"NADA","NADA","NADA","No aplica",NA,NA
"171","Republica Dominicana",2008,"NADA","NADA","NADA","No aplica",NA,NA
"172","Republica Dominicana",2012,"NADA","NADA","NADA","No aplica",NA,NA
"173","Republica Dominicana",2016,"NADA","NADA","NADA","No aplica",NA,NA
"174","Republica Dominicana",2020,"POSIBILIDAD","POSIBILIDAD","NADA","Ley Orgánica de Régimen Electoral No. 15-19 del 18 de febrero de 2019. G. O. No. 10933 del 20 de febrero de 2019.","Párrafo.- La Junta Central Electoral promoverá la realización de debates sobre los programas y plataformas que presenten los partidos o alianzas de partidos en un proceso electoral, procurando la mayor difusión de las propuestas programáticas de los candidatos presidenciales y vicepresidenciales, así como de los programas de las políticas congresionales y municipales de los partidos políticos .",NA
"175","El Salvador",1984,"NADA","NADA","NADA","No aplica",NA,NA
"176","El Salvador",1989,"NADA","NADA","NADA","No aplica",NA,NA
"177","El Salvador",1994,"NADA","NADA","NADA","No aplica",NA,NA
"178","El Salvador",1999,"NADA","NADA","NADA","No aplica",NA,NA
"179","El Salvador",2004,"NADA","NADA","NADA","No aplica",NA,NA
"180","El Salvador",2009,"NADA","NADA","NADA","No aplica",NA,NA
"181","El Salvador",2014,"NADA","NADA","NADA","No aplica",NA,NA
"182","El Salvador",2019,"NADA","NADA","NADA","No aplica",NA,NA
